CodigoEmpresa;Anio;Mes;EmpleadosTotal;AltasDelMes;TotalBrutoTodos;TotalBrutoAltas
47674;2023;9;6;0;13893.57;0
47515;2023;9;5;1;7065.04;720.37
38600;2023;9;1;0;5508.23;0
47686;2023;9;14;2;33139.84;1531.5
42508;2023;9;1;0;8000;0
23095;2023;9;18;0;68585.64;0
46615;2023;9;5;0;7556.03;0
42736;2023;9;2;0;5899.26;0
44863;2023;9;2;0;1286.25;0
37902;2023;9;1;0;2702.97;0
39431;2023;9;3;0;1356.77;0
48645;2023;9;8;0;17048.4;0
47757;2023;9;7;0;14877.16;0
48182;2023;9;7;0;22036.51;0
46031;2023;9;6;1;34979.81;3750
35936;2023;9;1;0;6028.35;0
36909;2023;9;16;1;145793.94;4500
47532;2023;9;8;1;14374.66;1143.58
37807;2023;9;1;0;5034.33;0
48277;2023;9;9;0;18846.54;0
47671;2023;9;6;0;7223.99;0
46442;2023;9;1;0;7523.26;0
41962;2023;9;1;0;1416.67;0
38460;2023;9;2;0;22341.81;0
47588;2023;9;13;0;31914.5;0
1;2023;9;1;0;3932.32;0
25716;2023;9;1;0;2469.27;0
29066;2023;9;1;0;5400;0
42460;2023;9;3;0;10643.23;0
45744;2023;9;2;0;13446.98;0
48605;2023;9;11;0;16774.13;0
43149;2023;9;2;0;5008.08;0
48208;2023;9;1;0;9583.33;0
41679;2023;9;2;0;9545.89;0
47558;2023;9;1;0;1260;0
47000;2023;9;6;1;10831.44;427.73
37279;2023;9;3;0;7734.07;0
115;2023;9;5;0;52897.78;0
46022;2023;9;6;0;79529.04;0
49004;2023;9;9;1;15413.99;604.44
37462;2023;9;2;0;2741.06;0
49118;2023;9;3;3;38621.66;38621.66
37764;2023;9;1;0;10650;0
45096;2023;9;12;0;34766.67;0
46788;2023;9;4;0;426.12;0
28644;2023;9;5;1;17162.51;2619.05
44075;2023;9;1;0;5848.02;0
36102;2023;9;2;0;18584.67;0
25861;2023;9;3;0;6205.01;0
43367;2023;9;1;0;34993.07;0
43405;2023;9;2;1;5791.67;1625
48688;2023;9;5;0;11344.63;0
32179;2023;9;4;1;26332.22;2361.11
14438;2023;9;1;0;845.52;0
46783;2023;9;1;0;9671.84;0
46207;2023;9;9;1;46327.92;4915
40254;2023;9;1;0;2964;0
47315;2023;9;3;0;16996.93;0
48210;2023;9;10;0;20055.13;0
24429;2023;9;3;0;14399.75;0
48894;2023;9;3;0;9083.34;0
46294;2023;9;1;0;2354.14;0
42505;2023;9;2;1;4555.55;1555.55
3721;2023;9;4;0;39499.8;0
41339;2023;9;2;0;321.54;0
48483;2023;9;7;0;16670.95;0
47937;2023;9;7;0;17923.4;0
38210;2023;9;1;0;5700;0
39902;2023;9;13;0;100251.36;0
38706;2023;9;5;0;23324.01;0
47676;2023;9;4;0;8973.77;0
38787;2023;9;8;0;22547.65;0
47673;2023;9;6;0;10513.52;0
47498;2023;9;11;0;22264.51;0
42830;2023;9;1;0;5853.42;0
36472;2023;9;1;0;5336.05;0
34268;2023;9;2;0;6200;0
49300;2023;9;10;0;25511.08;0
37666;2023;9;2;0;25000.01;0
30999;2023;9;2;0;6593.04;0
40353;2023;9;1;1;6533.34;6533.34
43319;2023;9;1;0;2200;0
24230;2023;9;6;0;23653.12;0
44167;2023;9;3;0;11870.83;0
47773;2023;9;1;0;4568.43;0
30886;2023;9;3;0;10835.81;0
42880;2023;9;3;0;20416.67;0
48302;2023;9;1;0;7660;0
42022;2023;9;49;0;276745.53;0
35130;2023;9;1;0;3916.66;0
31584;2023;9;2;0;5071.43;0
42438;2023;9;2;0;1094.62;0
38114;2023;9;7;0;22121.96;0
47262;2023;9;1;0;10083.33;0
45104;2023;9;4;1;28249.99;4500
46773;2023;9;4;0;7227.08;0
43660;2023;9;8;0;79687.17;0
49285;2023;9;1;0;483470.3;0
35308;2023;9;1;0;6016.09;0
47877;2023;9;5;0;24335;0
55560;2023;9;2;0;3660.92;0
42851;2023;9;2;0;11092.75;0
21515;2023;9;1;0;3275;0
42222;2023;9;1;0;7398.74;0
48024;2023;9;10;0;19756.38;0
49501;2023;9;1;1;10350;10350
47535;2023;9;6;0;10045.85;0
47566;2023;9;14;1;28479.35;180.1
41941;2023;9;14;0;93235.88;0
44271;2023;9;8;0;42644.6;0
48687;2023;9;3;0;5122.46;0
33812;2023;9;1;0;5544.48;0
27415;2023;9;1;0;2269.02;0
47514;2023;9;10;1;20388.68;1378.68
33672;2023;9;2;0;12943.55;0
38335;2023;9;1;0;3333.33;0
99999;2023;9;1;0;0;0
45591;2023;9;1;0;3800;0
36051;2023;9;1;0;10256.67;0
47825;2023;9;1;0;8383.33;0
47533;2023;9;1;0;4833.32;0
43404;2023;9;1;0;6670.24;0
49005;2023;9;6;0;12190.07;0
48686;2023;9;2;0;4622.99;0
47742;2023;9;7;0;67751.66;0
33240;2023;9;6;0;39585.28;0
37364;2023;9;1;0;6233.23;0
47677;2023;9;5;0;7498.26;0
27679;2023;9;1;0;2333.32;0
44721;2023;9;2;0;11433.33;0
44168;2023;9;7;0;24460.71;0
39144;2023;9;2;0;3170.83;0
47442;2023;9;1;0;1967.72;0
36217;2023;9;1;0;1766.29;0
47074;2023;9;1;0;5834.45;0
47675;2023;9;5;0;9042.09;0
40531;2023;9;1;0;3919.72;0
47297;2023;9;2;0;4100;0
37157;2023;9;2;0;16313.3;0
46616;2023;9;7;0;15933.25;0
6716;2023;9;1;0;1724.14;0
46611;2023;9;4;0;14915;0
41701;2023;9;2;0;4999.99;0
41200;2023;9;5;0;8625.73;0
37475;2023;9;1;0;2794.61;0
38406;2023;9;1;0;3035.72;0
47701;2023;9;1;0;4000;0
23868;2023;9;2;0;4366.67;0
42335;2023;9;2;0;9994.72;0
46661;2023;9;2;0;13939.48;0
39341;2023;9;3;0;20998.64;0
45493;2023;9;2;0;16552.55;0
48183;2023;9;14;0;23228.21;0
32424;2023;9;6;0;16717.2;0
48950;2023;9;10;1;18766.1;0
47162;2023;9;2;0;27600;0
48100;2023;9;1;0;6666.67;0
47530;2023;9;4;1;6556.78;820.52
38114;2023;9;1;1;2791.69;0
48605;2023;9;1;0;562.79;0
48950;2023;9;1;1;46.74;46.74
38787;2023;9;1;0;2172.83;0
48483;2023;9;1;0;1363.34;0
40767;2023;9;1;0;1527.77;0
44168;2023;9;1;0;1711.12;0
40767;2023;9;1;0;1458.32;0
49004;2023;9;1;0;1127;0
48910;2023;9;10;0;8096.3;0
47566;2023;9;1;0;779.11;0
48950;2023;9;1;0;792.91;0
47673;2023;9;1;0;1205.69;0
48182;2023;9;1;0;469.04;0
43405;2023;9;1;0;4084.6;0
42022;2023;9;1;1;2041.67;0
47515;2023;9;1;0;630.33;0
47000;2023;9;1;0;495.25;0
48950;2023;9;1;0;590.77;0
47937;2023;9;2;0;256.64;0
35936;2023;9;1;0;943.12;0
47532;2023;9;1;1;1766.68;0
37902;2023;8;1;0;2702.97;0
40531;2023;8;1;0;3919.72;0
49004;2023;8;9;0;16238.38;0
47937;2023;8;7;0;14289.31;0
43149;2023;8;2;0;5008.08;0
46611;2023;8;4;0;14915;0
45744;2023;8;2;0;13240.17;0
47588;2023;8;13;0;31685.28;0
41962;2023;8;1;0;1416.67;0
36217;2023;8;1;0;1766.29;0
36102;2023;8;2;0;18584.67;0
46615;2023;8;5;0;7606.11;0
41679;2023;8;2;0;9545.89;0
39341;2023;8;3;0;16404.35;0
36909;2023;8;15;0;116579.27;0
47152;2023;8;2;0;2377.55;0
46207;2023;8;8;0;42839.8;0
41701;2023;8;2;0;4999.99;0
47757;2023;8;7;0;14911.97;0
38210;2023;8;1;0;5951.8;0
46022;2023;8;6;0;75909.05;0
45493;2023;8;2;0;16552.55;0
37279;2023;8;3;0;7134.07;0
46783;2023;8;1;0;8544.99;0
25716;2023;8;1;0;2469.27;0
48183;2023;8;14;0;21939.23;0
3721;2023;8;4;0;38291.17;0
40767;2023;8;1;0;2083.33;0
46442;2023;8;1;0;7523.26;0
48024;2023;8;10;0;19736.49;0
47498;2023;8;11;0;22279.65;0
47671;2023;8;6;0;7173.99;0
23095;2023;8;18;0;68066.2;0
48233;2023;8;1;0;4850;0
38706;2023;8;5;0;23060;0
42505;2023;8;1;1;3000;3000
48950;2023;8;11;0;19668.75;0
47383;2023;8;1;0;27600;0
46294;2023;8;1;0;2354.14;0
32179;2023;8;3;0;14885.4;0
47262;2023;8;1;0;10083.33;0
42335;2023;8;2;0;9994.72;0
47182;2023;8;1;0;762.22;0
36472;2023;8;1;0;5336.05;0
6716;2023;8;1;0;1724.14;0
42508;2023;8;1;0;8000;0
48182;2023;8;8;1;19648.68;1125.58
35936;2023;8;1;0;9517.88;0
31584;2023;8;2;0;5071.43;0
38600;2023;8;1;0;5508.23;0
41339;2023;8;2;0;321.54;0
44075;2023;8;1;0;5848.02;0
45104;2023;8;3;0;21013.33;0
47181;2023;8;5;0;20255.01;0
99999;2023;8;1;0;0;0
47000;2023;8;5;0;10988.5;0
47877;2023;8;5;0;26335;0
47515;2023;8;5;0;7122.53;0
47530;2023;8;3;0;5144.71;0
45096;2023;8;12;0;33766.67;0
14438;2023;8;1;0;845.52;0
47674;2023;8;6;0;14194.14;0
48645;2023;8;8;0;17435.22;0
39431;2023;8;1;0;1356.77;0
38335;2023;8;1;0;3333.33;0
1;2023;8;1;0;3932.32;0
48277;2023;8;9;0;18311.76;0
48605;2023;8;11;1;15645.21;908.89
33672;2023;8;2;0;12943.55;0
47558;2023;8;1;0;1260;0
32424;2023;8;6;0;16788.8;0
46031;2023;8;5;0;45055.01;0
47442;2023;8;1;0;1967.72;0
37807;2023;8;1;0;5034.33;0
42736;2023;8;2;0;5899.26;0
38460;2023;8;2;0;22341.81;0
44721;2023;8;2;0;11433.33;0
37364;2023;8;1;0;6233.23;0
47532;2023;8;8;0;14534.59;0
48688;2023;8;5;0;11338.59;0
44168;2023;8;8;0;26669.05;0
47742;2023;8;7;0;63890.5;0
40687;2023;8;1;0;7707.65;0
25861;2023;8;3;0;6205.01;0
47677;2023;8;5;0;6698.78;0
47533;2023;8;1;0;4333.33;0
29066;2023;8;1;0;5400;0
44863;2023;8;2;0;1286.25;0
45591;2023;8;1;0;3800;0
35308;2023;8;1;0;10707.72;0
37254;2023;8;57;0;335870.23;0
47686;2023;8;12;0;30687.8;0
33240;2023;8;6;0;39915.14;0
36051;2023;8;1;0;10852.78;0
39144;2023;8;2;0;3170.83;0
37475;2023;8;1;0;2794.61;0
47176;2023;8;5;0;16212.36;0
44271;2023;8;8;0;42644.6;0
47675;2023;8;5;0;9142.09;0
47535;2023;8;6;0;9640.63;0
43367;2023;8;1;0;34993.07;0
47074;2023;8;1;0;5834.45;0
41941;2023;8;15;0;112022.64;0
27415;2023;8;1;0;2269.02;0
115;2023;8;4;0;38087.97;0
46661;2023;8;2;0;13939.48;0
47162;2023;8;2;0;27600;0
47701;2023;8;1;0;4000;0
24429;2023;8;3;0;14163.37;0
38114;2023;8;7;0;14497.64;0
23868;2023;8;2;0;3766.67;0
46616;2023;8;7;0;16986.64;0
28644;2023;8;4;0;14543.46;0
27679;2023;8;1;0;2333.32;0
48100;2023;8;1;0;6666.67;0
41200;2023;8;4;0;13326.68;0
47676;2023;8;4;0;8973.77;0
48687;2023;8;3;0;5122.46;0
38406;2023;8;2;0;5035.72;0
55560;2023;8;2;0;3660.92;0
38787;2023;8;9;0;25344.6;0
39902;2023;8;13;0;93369.45;0
48686;2023;8;2;0;4758.04;0
37157;2023;8;3;0;12247.08;0
42830;2023;8;1;0;5853.42;0
49285;2023;8;1;1;116529.7;116529.7
47773;2023;8;1;0;4568.43;0
42438;2023;8;2;0;1094.62;0
44167;2023;8;3;0;11870.83;0
42851;2023;8;2;0;11092.75;0
43404;2023;8;1;0;13755.92;0
37592;2023;8;2;0;35291.66;0
24230;2023;8;6;0;23653.12;0
48910;2023;8;10;0;15250;0
47514;2023;8;9;0;18233.23;0
42222;2023;8;1;0;7398.74;0
37666;2023;8;2;0;25000.01;0
48208;2023;8;1;0;9583.33;0
47825;2023;8;1;0;8383.33;0
21515;2023;8;1;0;3275;0
30999;2023;8;2;0;6593.04;0
42460;2023;8;3;0;10643.23;0
33812;2023;8;1;0;5544.48;0
43660;2023;8;8;0;79687.17;0
49300;2023;8;10;1;25970.09;1350.72
37462;2023;8;2;0;2741.06;0
47566;2023;8;14;0;29338.26;0
42022;2023;8;49;0;291005.93;0
42880;2023;8;3;0;20416.67;0
48894;2023;8;3;0;9227.39;0
30886;2023;8;3;0;10835.81;0
49005;2023;8;7;0;12982.07;0
48302;2023;8;1;0;7660;0
43319;2023;8;1;0;2200;0
46773;2023;8;4;0;7227.08;0
34268;2023;8;2;0;6200;0
47673;2023;8;6;1;11386.1;1821.33
40254;2023;8;1;0;2964;0
35130;2023;8;1;0;3916.66;0
48483;2023;8;8;0;18407.94;0
47315;2023;8;3;0;17899.91;0
46788;2023;8;4;0;426.12;0
43405;2023;8;2;0;8916.67;0
48210;2023;8;10;1;18884.51;180.1
47297;2023;8;2;0;4100;0
37764;2023;8;1;0;10650;0
47677;2023;8;1;0;1236.96;0
48910;2023;8;1;0;1076.67;0
47530;2023;8;1;0;350.92;0
48950;2023;8;1;0;468.86;0
47677;2023;8;1;0;809.48;0
47176;2023;8;1;0;540;0
47676;2023;8;1;0;945.25;0
48910;2023;8;1;0;0;0
38787;2023;8;1;0;1462.11;0
47530;2023;8;1;0;325.86;0
47937;2023;8;1;0;633.44;0
46521;2023;8;1;0;1440.48;0
42022;2023;8;1;0;3146.9;0
48910;2023;8;1;0;0;0
47515;2023;8;1;0;413.55;0
38787;2023;8;1;1;266.67;0
46615;2023;8;1;1;295.07;0
41941;2023;8;1;0;705.75;0
48605;2023;8;1;0;143.41;0
47515;2023;8;1;0;29.54;0
49300;2023;8;1;10;45.76;45.76
37764;2023;7;1;0;10650;0
48100;2023;7;1;0;6666.67;0
37462;2023;7;2;0;2741.06;0
24429;2023;7;3;0;14388.75;0
47074;2023;7;1;0;5834.45;0
33240;2023;7;6;0;39194.71;0
41339;2023;7;2;0;320.68;0
47877;2023;7;5;0;24335;0
41701;2023;7;2;0;4999.99;0
47262;2023;7;1;0;10083.33;0
47773;2023;7;1;0;4568.43;0
29066;2023;7;1;0;5400;0
46031;2023;7;5;0;30660.01;0
43404;2023;7;1;0;7332.72;0
55560;2023;7;2;0;3660.92;0
47675;2023;7;5;0;9117.19;0
37807;2023;7;1;0;5034.33;0
48950;2023;7;10;1;17946.37;886.16
47671;2023;7;7;0;8978.15;0
47566;2023;7;14;0;29276.6;0
41962;2023;7;1;0;1416.67;0
48233;2023;7;1;0;4850;0
47588;2023;7;13;0;28858.19;0
46773;2023;7;4;0;7227.08;0
47701;2023;7;1;0;4000;0
43319;2023;7;1;0;2200;0
27415;2023;7;2;0;2269.02;0
42438;2023;7;2;0;1094.62;0
47442;2023;7;1;0;1967.72;0
30886;2023;7;3;0;10835.81;0
42222;2023;7;1;0;13079.45;0
36472;2023;7;1;0;5336.05;0
44168;2023;7;8;0;26669.05;0
47498;2023;7;11;0;22253.98;0
48024;2023;7;10;0;19984.96;0
23868;2023;7;2;0;3766.67;0
48605;2023;7;11;1;15748.71;1075.58
42851;2023;7;2;0;11092.75;0
46788;2023;7;4;0;443.41;0
44167;2023;7;3;0;11870.83;0
42460;2023;7;3;0;10643.23;0
44271;2023;7;8;0;41589.04;0
37279;2023;7;3;0;8386.74;0
47182;2023;7;1;0;762.22;0
38600;2023;7;1;0;5508.23;0
38706;2023;7;5;1;22829.38;6525
48894;2023;7;3;0;9419.34;0
3721;2023;7;4;0;38377.6;0
46615;2023;7;6;0;7662.9;0
48483;2023;7;8;0;18297.07;0
39902;2023;7;13;0;97292.25;0
38210;2023;7;1;0;5700;0
49005;2023;7;7;0;0;0
46294;2023;7;1;0;2354.14;0
34268;2023;7;2;0;6200;0
47825;2023;7;1;0;8383.33;0
48687;2023;7;3;0;0;0
45591;2023;7;1;0;3800;0
32179;2023;7;3;0;24852.07;0
33812;2023;7;1;0;5544.48;0
43405;2023;7;2;0;8916.67;0
14438;2023;7;1;0;845.52;0
43660;2023;7;8;0;79687.17;0
38335;2023;7;1;0;3333.33;0
26550;2023;7;1;0;9725.7;0
36217;2023;7;1;0;1766.29;0
25861;2023;7;3;1;4985.76;705.89
48302;2023;7;1;0;7660;0
37364;2023;7;1;0;6233.23;0
35130;2023;7;1;0;3916.66;0
46521;2023;7;1;0;3928.57;0
37592;2023;7;2;0;35291.66;0
25716;2023;7;1;0;2469.27;0
47514;2023;7;9;0;17215.2;0
40687;2023;7;1;0;10599.48;0
49004;2023;7;9;0;15690.91;0
47383;2023;7;1;0;27600;0
38406;2023;7;2;0;5035.72;0
42022;2023;7;50;0;282103.15;0
30999;2023;7;2;0;6593.04;0
36051;2023;7;1;0;15401.1;0
47297;2023;7;2;0;4100;0
38114;2023;7;7;0;12951.61;0
45096;2023;7;12;0;33766.67;0
37666;2023;7;2;0;25000.01;0
28644;2023;7;4;0;9951.79;0
47673;2023;7;6;1;9628.79;59.08
48686;2023;7;2;0;5043.41;0
21515;2023;7;1;0;3275;0
41649;2023;7;1;0;0;0
48910;2023;7;13;0;17600;0
41200;2023;7;4;0;8544.34;0
47535;2023;7;6;0;9857.54;0
47532;2023;7;8;0;13996.15;0
41941;2023;7;16;0;100860.99;0
37254;2023;7;57;0;335194.39;0
42830;2023;7;1;0;5853.42;0
32424;2023;7;6;0;17384.07;0
39431;2023;7;1;0;1317.25;0
47677;2023;7;6;0;8637.98;0
47676;2023;7;5;0;10846.11;0
48183;2023;7;14;0;21915.46;0
47757;2023;7;7;0;15163.61;0
46616;2023;7;7;0;16757.79;0
31584;2023;7;2;0;5071.43;0
44721;2023;7;2;0;11433.33;0
48208;2023;7;1;0;9583.33;0
39144;2023;7;2;0;3170.83;0
47315;2023;7;3;0;30910.63;0
47181;2023;7;5;0;20255.01;0
47674;2023;7;6;0;13733.57;0
42736;2023;7;2;0;5899.26;0
40254;2023;7;1;0;2964;0
47530;2023;7;3;0;5646.03;0
42508;2023;7;1;0;8000;0
38460;2023;7;2;0;22341.81;0
47742;2023;7;7;0;66093.27;0
46611;2023;7;4;0;16577;0
47152;2023;7;2;0;2377.55;0
43149;2023;7;2;0;5008.08;0
40767;2023;7;1;0;2083.33;0
47162;2023;7;2;0;27600;0
36909;2023;7;15;0;129173.05;0
45744;2023;7;2;0;13321.33;0
47937;2023;7;7;0;13593.53;0
37902;2023;7;1;0;2702.97;0
44863;2023;7;2;0;1286.25;0
47000;2023;7;5;0;10943.18;0
42880;2023;7;3;0;20416.67;0
46661;2023;7;2;0;13939.48;0
99999;2023;7;1;0;0;0
36102;2023;7;2;0;18584.67;0
48210;2023;7;9;0;18804.41;0
23095;2023;7;18;1;69491.2;2800
46783;2023;7;1;0;8574.99;0
99778;2023;7;1;0;1313.03;0
46022;2023;7;6;0;58341.61;0
1;2023;7;1;0;17857.76;0
44075;2023;7;1;0;18223.02;0
47686;2023;7;12;0;23911.08;0
37475;2023;7;1;0;2794.61;0
47515;2023;7;5;0;7358.85;0
37157;2023;7;3;0;17347.08;0
46207;2023;7;8;2;39994.47;4211.11
42335;2023;7;3;0;53634.51;0
46442;2023;7;1;0;7523.26;0
47176;2023;7;6;0;16458.05;0
38787;2023;7;11;1;28153.74;61.9
47558;2023;7;1;0;1260;0
43367;2023;7;1;0;34993.07;0
6716;2023;7;1;0;1724.14;0
48277;2023;7;9;1;17367.43;675.36
24230;2023;7;6;0;23653.12;0
115;2023;7;4;0;35428.85;0
40531;2023;7;1;0;3919.72;0
48645;2023;7;8;1;17673.86;630.33
45745;2023;7;7;1;48800;8166.67
48182;2023;7;7;0;21483.7;0
35308;2023;7;1;0;6016.09;0
35936;2023;7;1;0;9517.88;0
33672;2023;7;2;0;12693.55;0
45493;2023;7;2;0;16552.55;0
45104;2023;7;3;0;21013.33;0
48688;2023;7;5;0;0;0
27679;2023;7;1;0;2333.32;0
39341;2023;7;3;0;20984.78;0
47533;2023;7;1;0;4333.33;0
41679;2023;7;2;0;9545.89;0
46842;2023;7;1;0;4390.66;0
47937;2023;7;1;0;1130.46;0
47673;2023;7;1;0;2035.39;0
48910;2023;7;1;0;445.97;0
44271;2023;7;1;1;1309.45;0
38787;2023;7;1;0;1095.24;0
48182;2023;7;1;0;990.53;0
33240;2023;7;1;0;699.11;0
39341;2023;7;1;0;380;0
47686;2023;7;2;0;4000;0
47676;2023;7;1;0;2650;0
46615;2023;7;1;0;1406.81;0
25861;2023;7;1;0;898.39;0
47000;2023;7;1;0;600.02;0
33240;2023;7;1;0;366.67;0
47315;2023;7;1;0;0;0
48210;2023;7;1;0;389.63;0
48910;2023;7;4;0;2372.91;0
47686;2023;7;1;3;210.4;210.4
47532;2023;7;2;0;823.72;0
47558;2023;6;4;0;1260;0
45493;2023;6;2;0;16552.55;0
39431;2023;6;2;0;1317.25;0
44271;2023;6;11;0;41945.1;0
47074;2023;6;1;0;7934.45;0
33812;2023;6;4;0;5544.48;0
99999;2023;6;1;0;0;0
37592;2023;6;2;0;35291.66;0
47442;2023;6;1;0;1967.72;0
36051;2023;6;1;0;23820.54;0
41962;2023;6;3;0;1416.67;0
42438;2023;6;5;0;1094.62;0
38600;2023;6;1;0;5508.23;0
47701;2023;6;1;0;4000;0
31584;2023;6;3;0;5071.43;0
48483;2023;6;11;0;16883.86;0
46022;2023;6;6;0;58341.61;0
36217;2023;6;6;0;1766.29;0
37902;2023;6;1;0;2702.97;0
47588;2023;6;15;0;27998.71;0
40687;2023;6;1;0;8145.99;0
43404;2023;6;1;0;3751.99;0
47176;2023;6;11;1;17258.5;900
42222;2023;6;1;0;6766.67;0
41941;2023;6;16;0;141576.26;0
48183;2023;6;17;0;21705.12;0
37475;2023;6;2;0;2794.61;0
45591;2023;6;2;0;8500;0
47877;2023;6;7;0;24126.66;0
40531;2023;6;1;0;3919.72;0
46442;2023;6;1;0;7523.26;0
46616;2023;6;8;1;14559.09;833.33
46773;2023;6;4;0;7227.08;0
48302;2023;6;1;0;7660;0
48605;2023;6;15;0;14805.35;0
34268;2023;6;3;0;6200;0
26550;2023;6;1;0;6670.54;0
41649;2023;6;2;0;333.34;0
27415;2023;6;2;0;2269.02;0
38335;2023;6;1;0;3333.33;0
37364;2023;6;2;0;6233.23;0
47181;2023;6;8;0;20255.01;0
6716;2023;6;1;0;1724.14;0
46661;2023;6;2;0;13939.48;0
38114;2023;6;7;0;14601.65;0
47383;2023;6;1;0;27600;0
37157;2023;6;3;0;10412.14;0
42022;2023;6;50;0;280475.84;0
48024;2023;6;15;0;19773.68;0
48100;2023;6;1;0;6666.67;0
21515;2023;6;1;0;3275;0
46550;2023;6;1;0;3820;0
47675;2023;6;8;1;8280.54;380
47182;2023;6;2;0;762.22;0
47535;2023;6;10;0;9674.59;0
23095;2023;6;17;0;65148.75;0
46521;2023;6;2;0;3928.57;0
29066;2023;6;1;0;5400;0
47262;2023;6;2;0;10083.33;0
30999;2023;6;3;0;6593.04;0
39902;2023;6;13;0;84141.64;0
42851;2023;6;3;0;11092.75;0
48950;2023;6;9;1;16249.78;540.29
36472;2023;6;1;0;5336.05;0
24429;2023;6;3;0;14388.75;0
46294;2023;6;1;0;2354.14;0
46624;2023;6;1;0;0;0
38787;2023;6;13;0;28253.74;0
47773;2023;6;3;0;4568.43;0
35130;2023;6;1;0;3916.66;0
47937;2023;6;11;1;16719.4;205.65
38210;2023;6;1;0;10016.66;0
25716;2023;6;1;0;2401.43;0
47315;2023;6;4;0;20478.95;0
47671;2023;6;9;0;8962.52;0
115;2023;6;4;0;33595.59;0
48210;2023;6;12;0;19519.87;0
47533;2023;6;1;0;4333.33;0
46783;2023;6;1;0;9577.81;0
47686;2023;6;15;2;21931.55;94.69
35308;2023;6;1;0;6016.09;0
47514;2023;6;9;0;17215.2;0
25861;2023;6;3;0;6205.01;0
43367;2023;6;1;0;34993.07;0
41339;2023;6;3;0;321.54;0
43319;2023;6;1;0;2200;0
46842;2023;6;1;0;24222.43;0
41679;2023;6;2;0;9174.48;0
44167;2023;6;4;0;11870.83;0
47515;2023;6;6;0;7104.52;0
24230;2023;6;6;0;23953.12;0
43660;2023;6;8;0;79687.17;0
48894;2023;6;3;2;9083.34;6166.67
46615;2023;6;10;0;10814.45;0
32179;2023;6;3;0;25727.05;0
45096;2023;6;13;0;33766.67;0
47676;2023;6;6;0;10422.55;0
27679;2023;6;1;0;2333.32;0
14438;2023;6;1;0;845.52;0
47000;2023;6;8;1;9866.32;92.3
46788;2023;6;6;0;426.12;0
36102;2023;6;2;0;18584.67;0
33672;2023;6;2;0;12693.55;0
47152;2023;6;6;0;2171.04;0
48208;2023;6;1;0;9583.33;0
43405;2023;6;3;0;8916.67;0
44168;2023;6;8;0;26261.5;0
39341;2023;6;7;0;22444.04;0
37764;2023;6;1;0;10650;0
47498;2023;6;12;1;20947.12;519.51
45104;2023;6;6;0;21013.33;0
55560;2023;6;2;0;3660.92;0
42880;2023;6;4;0;20416.67;0
1;2023;6;1;0;3932.32;0
28644;2023;6;6;0;9793.46;0
46207;2023;6;6;0;35783.36;0
3721;2023;6;4;0;38377.6;0
48687;2023;6;3;0;0;0
33240;2023;6;7;1;34990.42;2566.67
43149;2023;6;3;0;5008.08;0
37462;2023;6;3;0;6646.27;0
49005;2023;6;7;0;0;0
47530;2023;6;3;0;5568.1;0
46611;2023;6;7;0;15415;0
42460;2023;6;3;0;10643.23;0
37807;2023;6;1;0;5034.33;0
47162;2023;6;2;0;27142.23;0
47677;2023;6;8;0;8501.86;0
47674;2023;6;7;0;13733.57;0
47297;2023;6;3;0;4100;0
36909;2023;6;16;0;190228.49;0
42508;2023;6;2;0;8000;0
48645;2023;6;7;0;18499.63;0
48686;2023;6;2;0;4449.34;0
40767;2023;6;2;0;2083.33;0
38460;2023;6;2;0;22341.81;0
48277;2023;6;8;0;16238.73;0
42736;2023;6;2;0;5899.26;0
44863;2023;6;5;0;1286.25;0
44721;2023;6;2;1;8711.11;3111.11
47757;2023;6;9;0;15116.27;0
30886;2023;6;5;0;10835.81;0
38706;2023;6;4;0;16679.11;0
48688;2023;6;5;1;0;0
42830;2023;6;1;0;5853.42;0
35936;2023;6;1;0;9517.88;0
48182;2023;6;8;1;18947.38;216.46
32424;2023;6;6;0;16686.35;0
47673;2023;6;10;0;10963.64;0
41200;2023;6;6;0;9094.49;0
46031;2023;6;5;2;40660.01;15000
37254;2023;6;58;0;333372.15;0
48910;2023;6;17;0;26116.56;0
47532;2023;6;9;0;18476.49;0
37666;2023;6;3;0;25000.01;0
44075;2023;6;1;0;5848.02;0
47825;2023;6;1;0;8383.33;0
23868;2023;6;2;0;3766.67;0
37279;2023;6;3;0;7404.71;0
42335;2023;6;3;0;16366.57;0
47742;2023;6;14;0;67611.05;0
47566;2023;6;14;0;28102.38;0
40254;2023;6;1;0;2964;0
38406;2023;6;2;0;5035.72;0
45745;2023;6;6;0;47679.33;0
48233;2023;6;1;1;646.67;646.67
49004;2023;6;9;0;15690.91;0
41701;2023;6;2;0;6999.99;0
39144;2023;6;2;0;3170.83;0
45744;2023;6;2;0;18361.96;0
47686;2023;6;1;0;1272.87;0
48910;2023;6;2;0;3295.5;0
48910;2023;6;2;0;3258.33;0
48910;2023;6;3;0;4889.96;0
48910;2023;6;1;0;1629.57;0
48182;2023;6;1;0;1039.01;0
38787;2023;6;1;1;1835.41;0
48910;2023;6;5;0;6942.29;0
42022;2023;6;1;3;6101.39;0
48910;2023;6;3;0;4157.58;0
48910;2023;6;4;0;5675;0
47000;2023;6;1;0;568.19;0
48910;2023;6;1;0;633.33;0
48910;2023;6;1;0;1013.33;0
48910;2023;6;1;0;950;0
48910;2023;6;1;41;1696.06;1696.06
47937;2023;6;1;0;411.28;0
41200;2023;6;1;0;589.72;0
36909;2023;6;1;0;4913.35;0
47532;2023;6;1;0;113.37;0
48605;2023;6;1;0;144.02;0
47514;2023;6;1;0;86.58;0
47671;2023;6;1;0;140.38;0
40687;2023;5;1;0;7520.83;0
46661;2023;5;2;0;13939.48;0
37764;2023;5;1;0;10650;0
48302;2023;5;1;0;7660;0
39431;2023;5;1;0;1317.25;0
48100;2023;5;1;0;6666.67;0
47674;2023;5;7;1;13733.57;2916.67
46616;2023;5;6;0;14186.59;0
48208;2023;5;1;0;9583.33;0
48183;2023;5;14;0;21608.8;0
42460;2023;5;3;0;10643.23;0
43404;2023;5;1;0;25424.4;0
42508;2023;5;1;0;8000;0
28644;2023;5;4;0;13118.46;0
46615;2023;5;6;0;8513.01;0
38335;2023;5;1;0;3333.33;0
36909;2023;5;16;0;126005.41;0
41649;2023;5;1;0;5000;0
27679;2023;5;1;0;2333.32;0
37592;2023;5;2;0;35291.66;0
44863;2023;5;2;0;1286.25;0
47530;2023;5;3;0;5253.5;0
37807;2023;5;1;0;5034.33;0
33812;2023;5;1;0;5544.48;0
43660;2023;5;8;0;85071.85;0
33240;2023;5;6;0;32411.77;0
47676;2023;5;5;0;10422.55;0
46521;2023;5;1;0;3928.57;0
47673;2023;5;6;0;10951.94;0
48950;2023;5;8;0;15709.49;0
48894;2023;5;1;1;1944.44;1944.44
47675;2023;5;4;1;6861.51;259.74
42022;2023;5;48;4;261769.92;15469.45
47162;2023;5;1;0;29378.86;0
42335;2023;5;3;0;16309.82;0
49004;2023;5;9;0;15690.91;0
38114;2023;5;7;0;19037.5;0
46442;2023;5;1;0;16009.57;0
37475;2023;5;1;0;2142.54;0
45096;2023;5;12;0;42716.67;0
48024;2023;5;10;0;20006.34;0
39341;2023;5;5;0;21873.54;0
44075;2023;5;1;0;5848.02;0
39144;2023;5;2;0;3170.83;0
39902;2023;5;12;0;83777.74;0
6716;2023;5;1;0;1724.14;0
44168;2023;5;8;1;24980.14;5111.11
47000;2023;5;5;0;10250.44;0
34268;2023;5;2;0;6200;0
47262;2023;5;1;0;10590.32;0
47176;2023;5;8;2;18719.69;660
45744;2023;5;2;0;11981.07;0
21515;2023;5;1;0;3275;0
36217;2023;5;1;0;1766.29;0
41962;2023;5;1;0;1416.67;0
47532;2023;5;10;1;17543.71;1854.16
41941;2023;5;16;0;115628.79;0
38406;2023;5;2;0;5035.72;0
31584;2023;5;2;0;5071.43;0
47877;2023;5;5;0;24126.66;0
55560;2023;5;2;0;3660.92;0
1;2023;5;1;0;3932.32;0
47442;2023;5;1;0;1968.27;0
46773;2023;5;4;1;6492.66;326.8
27415;2023;5;1;0;2269.02;0
47498;2023;5;10;0;19795.5;0
47074;2023;5;1;0;5834.45;0
47566;2023;5;14;3;26341.71;3325.93
47152;2023;5;2;0;2812.18;0
46611;2023;5;4;0;17668;0
38600;2023;5;1;0;5508.23;0
36102;2023;5;2;0;18584.67;0
47757;2023;5;7;1;14805.14;1878.07
47297;2023;5;2;0;4100;0
37364;2023;5;1;0;6233.23;0
47677;2023;5;6;0;8334.56;0
37462;2023;5;3;0;6646.27;0
44721;2023;5;1;0;5600;0
47181;2023;5;5;0;20255.01;0
44167;2023;5;3;0;11870.83;0
32179;2023;5;3;0;24852.07;0
37902;2023;5;1;0;2702.97;0
47535;2023;5;6;0;9777.59;0
24429;2023;5;3;0;14659.2;0
47773;2023;5;1;0;4829.17;0
30886;2023;5;3;0;10835.81;0
45104;2023;5;3;0;21013.33;0
3721;2023;5;4;0;38332.77;0
41339;2023;5;2;0;321.54;0
41679;2023;5;2;0;8864.64;0
47701;2023;5;1;0;4000;0
47686;2023;5;10;0;22126.72;0
25861;2023;5;3;0;6205.01;0
47515;2023;5;5;0;7137.55;0
36051;2023;5;1;0;69056;0
46207;2023;5;6;0;35783.36;0
46788;2023;5;4;0;436.02;0
115;2023;5;4;0;46559.39;0
45493;2023;5;2;0;16552.55;0
23868;2023;5;2;0;3766.67;0
47671;2023;5;8;0;10204.48;0
43367;2023;5;1;0;34993.05;0
35308;2023;5;1;0;10209.17;0
37254;2023;5;57;0;332121.55;0
42222;2023;5;1;0;6766.67;0
45591;2023;5;2;0;8500;0
33672;2023;5;2;0;16093.55;0
32424;2023;5;6;0;16728.04;0
47588;2023;5;13;0;27338.68;0
47514;2023;5;10;0;18513.97;0
47383;2023;5;1;0;27600;0
41200;2023;5;5;0;10044.01;0
99999;2023;5;1;0;0;0
23095;2023;5;17;0;64090.84;0
37157;2023;5;3;0;15985.48;0
35936;2023;5;1;0;9517.88;0
45745;2023;5;6;0;38333.33;0
14438;2023;5;1;0;845.52;0
26550;2023;5;1;0;8078.54;0
38460;2023;5;2;0;22341.81;0
40531;2023;5;1;0;3919.72;0
38706;2023;5;4;0;16663.79;0
44850;2023;5;1;0;2237.92;0
48686;2023;5;2;0;4601.73;0
47558;2023;5;1;0;1260;0
48182;2023;5;8;1;17824.33;692.66
41701;2023;5;2;0;4714.27;0
42736;2023;5;2;0;5899.26;0
46022;2023;5;6;0;58300.1;0
43319;2023;5;1;0;2757.46;0
48605;2023;5;11;0;15153.02;0
43149;2023;5;2;0;5008.08;0
46842;2023;5;1;0;24222.43;0
44271;2023;5;8;0;40278.43;0
42880;2023;5;3;0;20416.67;0
42438;2023;5;2;0;1094.62;0
37666;2023;5;2;0;25000.01;0
46294;2023;5;1;0;2354.14;0
42830;2023;5;1;0;5853.42;0
29066;2023;5;1;0;6990;0
40767;2023;5;1;0;2083.33;0
48483;2023;5;8;0;17883.33;0
43405;2023;5;2;0;8916.67;0
47182;2023;5;1;0;762.22;0
46031;2023;5;3;0;25660.01;0
35130;2023;5;1;0;3916.66;0
47533;2023;5;1;0;4333.33;0
48645;2023;5;7;0;16071.18;0
24230;2023;5;6;0;23653.12;0
42851;2023;5;2;0;11092.75;0
47742;2023;5;9;0;66526.4;0
36472;2023;5;1;0;6110.15;0
40254;2023;5;1;0;2964;0
38210;2023;5;1;0;5383.34;0
46783;2023;5;1;0;8574.99;0
48277;2023;5;8;0;16106.79;0
47315;2023;5;4;0;17475.2;0
38787;2023;5;11;0;30114.42;0
48210;2023;5;10;0;19469.87;0
47825;2023;5;1;0;8383.33;0
49005;2023;5;7;0;0;0
37279;2023;5;3;0;8533.16;0
48687;2023;5;3;0;0;0
30999;2023;5;2;0;6593.04;0
47937;2023;5;7;0;13175.03;0
46550;2023;5;1;0;5320;0
25716;2023;5;1;0;2401.43;0
48688;2023;5;5;0;0;0
46615;2023;5;1;0;2619.19;0
46615;2023;5;1;0;1165.92;0
47675;2023;5;1;0;1082.29;0
48605;2023;5;1;0;446.5;0
47677;2023;5;1;0;1136.11;0
47671;2023;5;1;1;1211.59;0
47530;2023;5;1;0;290.4;0
38538;2023;5;9;0;20154.44;0
47176;2023;5;1;0;300;0
48605;2023;5;1;0;25.29;0
47535;2023;5;1;0;233.79;0
47152;2023;5;1;0;136.65;0
47530;2023;5;1;0;169.4;0
37364;2023;5;1;0;621.02;0
48605;2023;5;1;0;446.49;0
36909;2023;5;1;1;5612.02;0
34268;2023;4;2;0;6200;0
47773;2023;4;1;0;4829.17;0
42736;2023;4;2;0;18563.9;0
46031;2023;4;3;0;25660.01;0
46550;2023;4;1;0;5320;0
37364;2023;4;2;0;8894.76;0
29066;2023;4;1;0;7700;0
40767;2023;4;1;0;2096.47;0
47877;2023;4;5;0;24126.66;0
47825;2023;4;1;0;8383.33;0
47297;2023;4;2;0;4100;0
32179;2023;4;3;0;24852.07;0
55560;2023;4;2;0;3660.92;0
37279;2023;4;3;0;8434.82;0
1;2023;4;1;0;3682.03;0
42880;2023;4;3;0;20416.67;0
42222;2023;4;1;0;7819.04;0
47673;2023;4;6;0;11083.07;0
45744;2023;4;2;0;11981.07;0
42830;2023;4;1;0;5853.42;0
42438;2023;4;2;0;1094.62;0
46773;2023;4;3;1;5099.19;933.33
41701;2023;4;2;0;6714.27;0
47176;2023;4;7;0;16988.24;0
47677;2023;4;7;1;8796.95;284.03
44850;2023;4;1;0;2225.37;0
47515;2023;4;5;0;7104.52;0
38538;2023;4;9;0;37305.12;0
37592;2023;4;2;0;43831.96;0
35308;2023;4;1;0;6016.09;0
37807;2023;4;1;0;5034.33;0
44075;2023;4;1;0;5848.02;0
45591;2023;4;2;2;8835;8835
47742;2023;4;8;0;90593.91;0
39144;2023;4;2;0;3170.83;0
48605;2023;4;12;0;21894.42;0
44271;2023;4;8;1;38223.76;447.22
39902;2023;4;12;0;92716.92;0
23868;2023;4;2;0;3766.67;0
47937;2023;4;7;0;12993.55;0
38335;2023;4;1;0;3333.33;0
47442;2023;4;1;0;1968.27;0
45493;2023;4;2;0;16552.55;0
36909;2023;4;16;1;135870.9;2551.11
46661;2023;4;2;0;46534.52;0
47074;2023;4;1;0;5834.45;0
48183;2023;4;14;0;21617.79;0
28644;2023;4;4;0;14543.46;0
42022;2023;4;44;5;248086.32;20533.33
40687;2023;4;2;0;51839.6;0
37254;2023;4;57;0;1141165.82;0
14438;2023;4;1;0;845.52;0
46616;2023;4;6;0;13318.25;0
48024;2023;4;10;0;20197.83;0
41200;2023;4;5;0;9821.61;0
46783;2023;4;1;0;8564.99;0
43660;2023;4;8;0;78341.01;0
47675;2023;4;4;0;7900.54;0
32424;2023;4;6;0;15754.44;0
47671;2023;4;8;0;10706.58;0
47000;2023;4;5;1;9711.45;272.74
41941;2023;4;16;1;106507.53;9241.32
41649;2023;4;1;0;5000;0
33672;2023;4;2;0;36122.55;0
46207;2023;4;6;1;32876.6;1303.89
46521;2023;4;1;0;3928.57;0
48100;2023;4;1;0;6666.67;0
47530;2023;4;3;0;5362.61;0
43149;2023;4;2;0;5008.08;0
38114;2023;4;7;0;24379.61;0
47383;2023;4;1;0;27600;0
45104;2023;4;3;0;21013.33;0
39341;2023;4;5;0;21873.54;0
24429;2023;4;3;0;14343.67;0
27679;2023;4;1;0;2333.32;0
46842;2023;4;1;0;24222.43;0
39362;2023;4;3;0;16309.82;0
38600;2023;4;1;0;5508.23;0
33812;2023;4;1;0;5544.48;0
27415;2023;4;1;0;2269.02;0
45096;2023;4;12;0;33766.67;0
37764;2023;4;1;0;18650;0
38406;2023;4;2;0;5035.72;0
37666;2023;4;2;0;25000.01;0
42508;2023;4;1;0;8000;0
25716;2023;4;1;0;2401.43;0
47181;2023;4;5;0;20255.01;0
31584;2023;4;2;0;5071.43;0
47686;2023;4;10;0;21115.57;0
47674;2023;4;6;0;10816.9;0
46611;2023;4;4;0;15815;0
33240;2023;4;6;0;32415.76;0
38460;2023;4;2;0;21143.01;0
48208;2023;4;1;1;9583.33;9583.33
47701;2023;4;1;0;4000;0
99920;2023;4;2;0;6061.79;0
23095;2023;4;18;2;66840.84;2916.68
40254;2023;4;1;0;2964;0
36217;2023;4;1;0;1766.29;0
47262;2023;4;1;0;10083.33;0
38210;2023;4;1;0;5383.34;0
48277;2023;4;8;0;16914.63;0
40531;2023;4;1;0;3919.72;0
21515;2023;4;1;0;3275;0
48688;2023;4;5;0;0;0
37462;2023;4;3;0;6646.27;0
35130;2023;4;1;0;3916.66;0
47535;2023;4;7;1;8663.36;87.66
44167;2023;4;3;1;11870.83;3750
3721;2023;4;4;0;136031.6;0
48483;2023;4;8;0;18484.89;0
48950;2023;4;8;2;13509.49;3800
30999;2023;4;2;0;6593.04;0
99999;2023;4;1;0;0;0
48302;2023;4;1;0;7660;0
37157;2023;4;3;0;17378.81;0
36472;2023;4;1;0;25336.05;0
47558;2023;4;1;0;5000;0
43319;2023;4;1;0;2200;0
44168;2023;4;7;0;21030.01;0
46427;2023;4;1;0;4708.34;0
48645;2023;4;7;0;15912.09;0
45745;2023;4;6;1;38027.78;4277.78
47162;2023;4;1;0;13333.34;0
43367;2023;4;1;0;34993.07;0
47757;2023;4;6;0;14931.96;0
47566;2023;4;12;0;24787.13;0
44863;2023;4;2;0;1286.25;0
35936;2023;4;1;0;9517.88;0
41339;2023;4;2;0;320.68;0
47533;2023;4;1;0;4999.99;0
46022;2023;4;6;0;58300.1;0
47152;2023;4;3;0;3114.92;0
46788;2023;4;4;1;408.68;96.78
47514;2023;4;11;0;18513.97;0
46442;2023;4;1;0;7523.26;0
115;2023;4;4;1;34495.99;0
48210;2023;4;10;0;19406.94;0
30886;2023;4;3;0;10835.81;0
37902;2023;4;1;0;2702.97;0
47588;2023;4;13;0;26656.76;0
47676;2023;4;5;0;10314.31;0
36051;2023;4;1;0;10603.77;0
6716;2023;4;1;0;1724.14;0
41679;2023;4;2;0;8864.64;0
26550;2023;4;1;0;7929.73;0
43404;2023;4;1;0;15646.8;0
24230;2023;4;6;0;23958.12;0
38787;2023;4;11;0;29514.42;0
42460;2023;4;3;0;10643.23;0
42851;2023;4;2;0;11092.75;0
25861;2023;4;3;1;2912.06;320.68
44721;2023;4;1;0;5600;0
39431;2023;4;1;0;1317.25;0
38706;2023;4;4;0;16687.24;0
41962;2023;4;1;0;1416.67;0
46615;2023;4;8;0;12491.95;0
49005;2023;4;7;2;0;0
48182;2023;4;7;0;18027.11;0
48687;2023;4;3;0;0;0
47182;2023;4;1;0;762.22;0
46294;2023;4;1;0;2354.14;0
47532;2023;4;9;0;15687.51;0
36102;2023;4;2;0;18584.67;0
49004;2023;4;9;1;11831.38;416.67
48686;2023;4;2;0;4519.61;0
47498;2023;4;10;0;21450.65;0
47315;2023;4;4;0;65505.89;0
43405;2023;4;2;1;8916.67;4166.67
48605;2023;4;1;1;419.25;419.25
47535;2023;4;1;0;789.01;0
38460;2023;4;1;0;10904.18;0
49004;2023;4;1;0;1267.32;0
47742;2023;4;1;1;30500;0
48605;2023;4;1;1;674.85;0
47000;2023;4;1;0;540.97;0
46207;2023;4;1;1;3852.91;0
47742;2023;4;1;0;0;0
49004;2023;4;1;0;323.01;0
40767;2023;4;1;0;375;0
42508;2023;3;1;0;8000;0
48688;2023;3;5;0;0;0
47074;2023;3;1;0;5796.45;0
41679;2023;3;2;0;8864.64;0
47588;2023;3;15;2;24267.29;2065.09
48302;2023;3;1;0;7660;0
33672;2023;3;2;0;12178.55;0
37902;2023;3;1;0;2702.97;0
47937;2023;3;10;0;16763.55;0
48100;2023;3;1;1;6666.67;6666.67
44168;2023;3;7;0;19905.01;0
44721;2023;3;1;0;5600;0
36909;2023;3;15;0;127679.31;0
47877;2023;3;3;0;7860;0
27679;2023;3;1;0;2333.32;0
115;2023;3;4;1;35330.16;8430.58
45096;2023;3;12;0;33766.67;0
47675;2023;3;8;2;8127.77;1526
41649;2023;3;2;0;5000;0
43367;2023;3;1;0;113272.22;0
39431;2023;3;2;0;1317.25;0
46521;2023;3;1;0;3928.57;0
37157;2023;3;3;0;17278.81;0
47498;2023;3;12;0;19958.49;0
44863;2023;3;2;0;1286.25;0
46773;2023;3;3;1;4165.86;1315.86
47383;2023;3;1;0;27600;0
1;2023;3;1;0;5027.25;0
40687;2023;3;2;0;25934.2;0
47566;2023;3;12;0;26114.9;0
47535;2023;3;11;0;9292.49;0
38538;2023;3;9;0;34673.01;0
25861;2023;3;1;0;2077.5;0
23868;2023;3;2;0;3766.67;0
45493;2023;3;2;0;16552.55;0
46442;2023;3;1;0;7523.26;0
47152;2023;3;7;0;3203.53;0
33812;2023;3;4;0;6877.83;0
47442;2023;3;1;0;1968.27;0
23095;2023;3;16;0;63257.49;0
47757;2023;3;6;0;14993.04;0
38335;2023;3;1;0;3333.33;0
48210;2023;3;10;0;18960.95;0
39341;2023;3;6;0;17536.83;0
32179;2023;3;3;0;40280.89;0
46616;2023;3;8;0;14575.51;0
35308;2023;3;1;0;6016.09;0
47297;2023;3;4;2;4100;4100
37462;2023;3;3;0;6552.93;0
47677;2023;3;9;0;8549.04;0
47701;2023;3;1;0;4000;0
43149;2023;3;2;0;5008.08;0
47673;2023;3;8;0;10791.63;0
24429;2023;3;3;0;13948.67;0
40531;2023;3;1;0;3919.72;0
31584;2023;3;3;0;5071.43;0
27415;2023;3;2;0;2269.02;0
47532;2023;3;10;0;16928.71;0
47181;2023;3;7;0;20255.01;0
43319;2023;3;1;0;2200;0
46550;2023;3;1;0;5320;0
48686;2023;3;2;0;4552.41;0
37364;2023;3;2;0;8894.76;0
42851;2023;3;2;0;11092.75;0
42222;2023;3;1;0;8204.33;0
47182;2023;3;1;0;762.22;0
46783;2023;3;1;0;27931.26;0
48483;2023;3;8;0;18234.89;0
41339;2023;3;3;0;322.52;0
49004;2023;3;9;0;10182.57;0
48687;2023;3;3;0;0;0
46294;2023;3;1;0;2354.14;0
37592;2023;3;2;0;182019.66;0
44167;2023;3;3;0;8120.83;0
49005;2023;3;7;0;0;0
33240;2023;3;6;1;31815.03;305.55
39902;2023;3;13;0;80331.39;0
38460;2023;3;3;0;34401.5;0
45104;2023;3;3;0;0;0
35130;2023;3;1;0;3916.66;0
47773;2023;3;5;0;4829.17;0
47686;2023;3;14;0;21015.44;0
36560;2023;3;1;0;0;0
44271;2023;3;8;0;40384.11;0
34268;2023;3;3;0;6200;0
47000;2023;3;7;0;10327.38;0
47176;2023;3;10;0;17667.43;0
14438;2023;3;2;0;845.52;0
48024;2023;3;15;0;20197.83;0
45744;2023;3;2;0;12390.39;0
37807;2023;3;1;0;4911.57;0
46427;2023;3;1;0;4708.34;0
38114;2023;3;7;1;18836.95;1155.56
39144;2023;3;2;0;3170.83;0
25716;2023;3;1;0;2401.43;0
38787;2023;3;11;0;29049.9;0
42022;2023;3;39;5;220628.25;19744.44
42736;2023;3;2;0;5565.34;0
38600;2023;3;1;0;21149.23;0
48182;2023;3;7;0;17680.24;0
47671;2023;3;10;0;10792.78;0
39362;2023;3;3;0;16311.01;0
42460;2023;3;4;0;10722.11;0
47514;2023;3;10;0;18513.97;0
99999;2023;3;1;0;0;0
29066;2023;3;1;0;5400;0
37764;2023;3;3;0;10650;0
38706;2023;3;4;0;16507.48;0
37475;2023;3;1;0;0;0
37254;2023;3;57;0;331217.09;0
41962;2023;3;2;0;1416.67;0
30999;2023;3;3;0;6303.09;0
41941;2023;3;15;0;156579.98;0
41200;2023;3;6;0;9797.65;0
48605;2023;3;11;0;15590.33;0
28644;2023;3;4;0;11019.64;0
43660;2023;3;8;0;79844.34;0
32424;2023;3;6;0;15754.44;0
47515;2023;3;7;0;7137.55;0
41979;2023;3;1;0;0;0
39120;2023;3;3;0;7189.54;0
42438;2023;3;3;0;1094.62;0
44075;2023;3;1;0;5848.02;0
6716;2023;3;1;0;1724.14;0
24230;2023;3;6;0;42471.37;0
30886;2023;3;4;0;10835.81;0
41701;2023;3;2;0;4714.27;0
47262;2023;3;1;0;10083.33;0
47558;2023;3;5;0;5000;0
37279;2023;3;5;0;10968.92;0
46022;2023;3;6;0;60737.37;0
46661;2023;3;2;0;13463.38;0
99920;2023;3;1;0;4801.79;0
43404;2023;3;1;0;7072.13;0
37666;2023;3;2;0;25000.01;0
48950;2023;3;6;0;9709.49;0
42830;2023;3;1;0;5853.42;0
36102;2023;3;3;0;18351.33;0
36051;2023;3;1;0;1588.8;0
36217;2023;3;2;0;1766.29;0
44850;2023;3;1;0;2101.72;0
36472;2023;3;1;0;4333.34;0
46842;2023;3;1;0;24222.43;0
47162;2023;3;1;0;9253.63;0
45745;2023;3;5;0;33750;0
48645;2023;3;7;0;15730.39;0
47742;2023;3;10;0;227247.51;0
46611;2023;3;4;0;14915;0
47533;2023;3;2;0;4000;0
38210;2023;3;1;0;5383.34;0
42880;2023;3;3;0;20416.67;0
38406;2023;3;3;0;5035.72;0
47674;2023;3;6;0;10816.9;0
48277;2023;3;8;0;15817.88;0
46615;2023;3;14;0;12392.61;0
48183;2023;3;19;0;21853.04;0
40254;2023;3;1;0;2964;0
3721;2023;3;4;0;37434;0
46031;2023;3;3;0;25660.01;0
47530;2023;3;4;0;5362.61;0
43405;2023;3;1;0;4750;0
47315;2023;3;4;0;13889.12;0
47676;2023;3;6;0;10130.35;0
46788;2023;3;6;0;347.26;0
40767;2023;3;2;1;2312.87;62.87
48605;2023;3;1;2;464.13;0
47532;2023;3;1;0;1048.36;0
38538;2023;3;1;0;2703.51;0
48210;2023;3;1;1;779.26;0
46616;2023;3;1;0;478.38;0
41941;2023;3;1;0;8248.21;0
23095;2023;3;1;0;2826.97;0
23095;2023;3;1;0;0;0
39902;2023;3;1;0;13556.84;0
47315;2023;3;1;0;7639.47;0
47588;2023;3;1;0;173.17;0
46615;2023;3;1;0;157.79;0
36560;2023;3;1;0;121.1;0
47675;2023;3;1;1;43.28;0
39902;2023;3;1;0;0;0
35130;2023;2;1;0;3916.66;0
48024;2023;2;10;0;19972.3;0
47000;2023;2;5;0;10292.88;0
49005;2023;2;7;0;0;0
48302;2023;2;1;1;45960;45960
47675;2023;2;4;0;7516.55;0
47152;2023;2;3;0;3161.81;0
46842;2023;2;1;0;24222.43;0
29066;2023;2;1;0;6900;0
48645;2023;2;7;1;14263.13;4166.67
39362;2023;2;3;0;16301.86;0
33240;2023;2;5;1;31503.68;7714.17
42851;2023;2;2;0;11092.75;0
48277;2023;2;8;0;16086.81;0
43149;2023;2;2;0;5008.08;0
44863;2023;2;1;0;0;0
33812;2023;2;1;0;19177.81;0
47757;2023;2;6;0;14919.14;0
45096;2023;2;12;0;33350;0
33672;2023;2;2;0;12178.55;0
45745;2023;2;5;0;38443.6;0
40687;2023;2;2;0;23929.5;0
41679;2023;2;2;0;10614.64;0
47535;2023;2;7;0;9342.49;0
47566;2023;2;12;0;24241.44;0
42508;2023;2;1;0;8000;0
46207;2023;2;5;0;30116.69;0
25716;2023;2;1;0;2401.43;0
48687;2023;2;3;0;0;0
47674;2023;2;6;0;10816.9;0
43367;2023;2;1;0;33743.33;0
21515;2023;2;1;0;3275;0
40531;2023;2;1;0;3919.72;0
38600;2023;2;1;0;5508.23;0
115;2023;2;3;0;43590.48;0
47262;2023;2;1;0;10083.33;0
47533;2023;2;1;0;4000;0
46521;2023;2;1;0;3928.57;0
38210;2023;2;1;0;5383.34;0
45104;2023;2;3;0;21013.33;0
43404;2023;2;1;0;35909.95;0
41941;2023;2;16;0;106467.6;0
47588;2023;2;12;0;24221.76;0
99920;2023;2;2;0;5881.79;0
47514;2023;2;10;0;18318.78;0
47074;2023;2;1;0;5796.45;0
38787;2023;2;11;0;28936.7;0
42830;2023;2;1;0;5853.42;0
36051;2023;2;1;0;24396.53;0
47442;2023;2;1;0;1801.61;0
36472;2023;2;1;0;4333.34;0
27415;2023;2;1;0;2269.02;0
43319;2023;2;1;0;2200;0
26550;2023;2;1;0;6670.54;0
44721;2023;2;1;0;5600;0
32179;2023;2;3;0;25798.34;0
23868;2023;2;2;0;3766.67;0
38114;2023;2;6;0;18573.43;0
43660;2023;2;8;0;85964.34;0
47162;2023;2;1;0;13333.34;0
38706;2023;2;4;0;16020.02;0
48210;2023;2;10;0;18992.38;0
47677;2023;2;6;1;9037.74;1874.59
48950;2023;2;6;0;9709.49;0
47498;2023;2;10;0;21444.58;0
37462;2023;2;3;0;6552.95;0
47686;2023;2;10;1;19912.08;504.95
25861;2023;2;1;0;2077.5;0
47315;2023;2;5;0;27924.8;0
47773;2023;2;1;0;4829.17;0
35936;2023;2;1;0;9517.88;0
41962;2023;2;1;0;1416.67;0
44271;2023;2;9;0;43962.21;0
46788;2023;2;3;0;347.26;0
38460;2023;2;3;0;34463.1;0
31584;2023;2;2;0;5071.43;0
46294;2023;2;1;0;2354.14;0
41339;2023;2;2;0;322.06;0
46616;2023;2;7;0;14334.75;0
46615;2023;2;9;0;14050.32;0
46427;2023;2;1;0;4708.34;0
40254;2023;2;1;0;2964;0
23095;2023;2;16;0;69315.29;0
39120;2023;2;3;0;7189.54;0
48483;2023;2;8;0;17970.6;0
47676;2023;2;5;0;9965.74;0
30999;2023;2;2;0;6303.09;0
37902;2023;2;1;0;2702.97;0
47182;2023;2;1;0;762.22;0
37279;2023;2;5;0;11024.92;0
47877;2023;2;2;0;7860;0
47176;2023;2;7;0;19317.86;0
43405;2023;2;1;0;4750;0
36560;2023;2;1;0;3533;0
42222;2023;2;1;0;7819.04;0
37157;2023;2;3;0;22578.81;0
49004;2023;2;8;1;9082.1;332.85
3721;2023;2;4;0;37434;0
38335;2023;2;1;0;3333.33;0
28644;2023;2;4;0;10456.77;0
36102;2023;2;2;0;18351.33;0
42460;2023;2;3;0;10722.11;0
42022;2023;2;34;6;188485;23211.1
44168;2023;2;7;0;19500.01;0
1;2023;2;1;0;3510;0
47558;2023;2;1;1;10666.66;10666.66
46550;2023;2;1;0;7280;0
46022;2023;2;6;0;135308.99;0
45744;2023;2;2;0;12237.39;0
37764;2023;2;1;0;10650;0
34268;2023;2;2;0;6200;0
44075;2023;2;1;0;5848.02;0
48686;2023;2;2;0;4844.74;0
46773;2023;2;1;0;2850;0
55560;2023;2;2;0;3661.27;0
38538;2023;2;11;0;43449.72;0
36217;2023;2;1;0;1766.29;0
39902;2023;2;13;0;92986.58;0
44167;2023;2;2;0;8120.83;0
46031;2023;2;3;0;25660.01;0
41649;2023;2;1;0;5000;0
44850;2023;2;1;0;2186.09;0
37592;2023;2;2;0;47367.96;0
39431;2023;2;1;0;1317.25;0
47532;2023;2;3;0;9311.96;0
35308;2023;2;1;0;10454.59;0
42438;2023;2;2;0;1094.62;0
46442;2023;2;1;0;7523.26;0
46611;2023;2;4;0;16321.25;0
24429;2023;2;3;0;13948.67;0
48688;2023;2;5;0;0;0
48605;2023;2;9;0;10506.03;0
39144;2023;2;2;0;3170.83;0
47742;2023;2;7;0;81293.46;0
38406;2023;2;2;0;5035.72;0
47937;2023;2;7;0;12983.55;0
47383;2023;2;1;0;27600;0
37364;2023;2;2;0;8520.22;0
46661;2023;2;3;0;27794.51;0
40767;2023;2;1;0;2450;0
48182;2023;2;7;0;19400.65;0
47825;2023;2;1;0;8383.33;0
37807;2023;2;1;0;4911.57;0
42880;2023;2;3;0;45616.67;0
42736;2023;2;2;0;5565.34;0
47673;2023;2;6;0;10812.87;0
44305;2023;2;1;0;5000;0
47671;2023;2;8;0;10706.58;0
30886;2023;2;3;0;10835.81;0
99999;2023;2;1;0;0;0
41701;2023;2;2;0;4714.27;0
46783;2023;2;1;0;8286.71;0
48183;2023;2;14;0;21830.96;0
36909;2023;2;15;0;144069.2;0
39341;2023;2;5;0;16334.35;0
14438;2023;2;1;0;845.52;0
37254;2023;2;59;0;319953.5;0
41200;2023;2;5;0;9891.25;0
47515;2023;2;5;0;7038.46;0
47181;2023;2;5;0;20255.01;0
47701;2023;2;1;0;4000;0
32424;2023;2;6;0;15754.45;0
47530;2023;2;3;0;5362.61;0
38787;2023;2;1;0;2068.3;0
48605;2023;2;1;0;823.05;0
48605;2023;2;1;0;1164.5;0
47773;2023;2;1;0;73.46;0
47686;2023;2;1;0;547.01;0
48210;2023;2;1;0;129.63;0
48024;2023;2;1;0;42.47;0
47674;2023;2;6;0;0;0
44305;2023;1;1;0;5000;0
38706;2023;1;4;0;16059.82;0
43660;2023;1;8;0;120964.34;0
44167;2023;1;2;0;8120.83;0
38600;2023;1;1;0;5508.23;0
47498;2023;1;10;0;18837.19;0
40531;2023;1;1;0;3919.72;0
24230;2023;1;6;0;23443.37;0
47515;2023;1;5;0;6739.91;0
47182;2023;1;1;0;762.22;0
46550;2023;1;1;0;5320;0
23095;2023;1;16;2;67448.62;4216.66
47674;2023;1;6;0;10816.9;0
46294;2023;1;1;1;2354.14;2354.14
45096;2023;1;12;1;33083.33;733.33
99920;2023;1;2;2;6096.71;6096.71
27679;2023;1;1;0;2333.32;0
47773;2023;1;2;2;2400.52;2400.52
42438;2023;1;2;0;1094.62;0
37666;2023;1;2;0;25000.01;0
1;2023;1;1;0;3510;0
41339;2023;1;2;0;266.48;0
37592;2023;1;2;0;35016.66;0
30999;2023;1;2;0;6303.09;0
39341;2023;1;5;2;75263.84;460
37279;2023;1;5;0;11919.2;0
47535;2023;1;7;0;8485.61;0
38787;2023;1;12;0;31670.26;0
46611;2023;1;4;0;15915;0
45744;2023;1;2;0;12168.07;0
21515;2023;1;1;0;3100;0
47676;2023;1;5;0;10384.65;0
46661;2023;1;3;0;25896.98;0
38538;2023;1;11;1;42978.04;3659.4
42022;2023;1;28;2;161988.01;2733.33
42830;2023;1;1;0;5853.42;0
47181;2023;1;5;0;20293.49;0
36102;2023;1;2;0;18351.33;0
46616;2023;1;7;1;15144.33;450.24
42880;2023;1;3;0;82916.67;0
45493;2023;1;2;0;16552.55;0
3721;2023;1;4;0;36965.84;0
39144;2023;1;2;0;3170.83;0
28644;2023;1;4;0;13934.15;0
48183;2023;1;14;0;22289.78;0
36909;2023;1;15;0;127904.47;0
38460;2023;1;3;1;483468.2;3972.22
14438;2023;1;1;0;845.52;0
55560;2023;1;2;0;3683.64;0
32179;2023;1;3;0;13162.25;0
35936;2023;1;1;0;9517.88;0
41679;2023;1;2;0;8864.64;0
45745;2023;1;5;1;33194.44;7777.77
41941;2023;1;16;0;100580.82;0
41701;2023;1;2;0;4714.27;0
115;2023;1;3;0;24374.35;0
47383;2023;1;1;0;27600;0
47532;2023;1;10;1;17820.74;1306.52
41200;2023;1;5;0;10110.25;0
46842;2023;1;1;0;24222.43;0
35308;2023;1;1;0;6016.09;0
49004;2023;1;7;0;9218.19;0
27415;2023;1;1;0;2226.15;0
6716;2023;1;1;0;1724.14;0
34268;2023;1;2;0;6200;0
43404;2023;1;1;0;7495.9;0
47701;2023;1;1;0;4000;0
44721;2023;1;1;0;5600;0
38114;2023;1;6;0;18904.51;0
33812;2023;1;1;0;4877.81;0
48605;2023;1;10;11;12044.19;12044.19
47176;2023;1;7;0;20312.05;0
42851;2023;1;2;0;11092.75;0
47514;2023;1;10;10;17763.08;17763.08
47686;2023;1;10;0;21885.82;0
46022;2023;1;6;1;57891.29;7250
48024;2023;1;10;0;19610.91;0
38406;2023;1;2;0;5035.72;0
47000;2023;1;5;0;10275.66;0
47677;2023;1;3;0;3829.83;0
41649;2023;1;1;0;5000;0
47673;2023;1;7;0;12821.02;0
47152;2023;1;3;0;3548.86;0
38335;2023;1;1;0;3333.33;0
36217;2023;1;1;0;1766.29;0
47825;2023;1;1;0;8383.33;0
99778;2023;1;6;6;10971.04;10971.04
33672;2023;1;2;0;12178.55;0
47533;2023;1;1;1;4000;4000
47675;2023;1;4;0;7559.85;0
44075;2023;1;1;0;5848.02;0
45104;2023;1;3;0;51013.33;0
44850;2023;1;1;0;2917.67;0
46773;2023;1;1;0;2850;0
39362;2023;1;3;0;16301.86;0
33240;2023;1;4;0;23792.77;0
47742;2023;1;7;0;81892.86;0
47566;2023;1;12;12;26514.72;26514.72
46031;2023;1;3;0;27453.91;0
37364;2023;1;2;0;8471.28;0
39902;2023;1;13;0;85588.83;0
48950;2023;1;6;0;9709.49;0
44863;2023;1;2;0;1286.25;0
47877;2023;1;2;0;7860;0
36051;2023;1;1;0;6153.63;0
47262;2023;1;1;0;10083.33;0
46615;2023;1;9;0;14035.41;0
31584;2023;1;2;0;5071.43;0
37462;2023;1;3;0;6552.93;0
35130;2023;1;1;0;3916.66;0
37807;2023;1;1;0;4911.57;0
41962;2023;1;1;0;1416.67;0
42460;2023;1;3;0;10722.11;0
48182;2023;1;7;7;19441.36;19441.36
39431;2023;1;1;0;1317.25;0
47074;2023;1;1;0;5355;0
48210;2023;1;10;10;19147.03;19147.03
40687;2023;1;2;0;32807.16;0
48688;2023;1;5;4;0;0
37902;2023;1;1;0;2702.97;0
46427;2023;1;1;0;4708.34;0
48277;2023;1;8;8;16168.78;16168.78
48687;2023;1;3;3;0;0
44168;2023;1;7;0;20490.01;0
44271;2023;1;9;2;43351.25;5496.81
47757;2023;1;6;0;14966.76;0
49005;2023;1;7;5;0;0
47442;2023;1;1;0;1801.61;0
48483;2023;1;8;1;17104.91;345.41
29066;2023;1;1;0;5887;0
25861;2023;1;1;0;1997.57;0
25716;2023;1;1;0;2251.94;0
47588;2023;1;12;0;25210.82;0
37254;2023;1;59;2;311893.33;6629.47
42222;2023;1;1;0;6766.67;0
48645;2023;1;6;6;10096.46;10096.46
36560;2023;1;1;0;3543;0
32424;2023;1;1;0;4575.72;0
47937;2023;1;7;0;12011.65;0
39120;2023;1;3;0;6867.38;0
26550;2023;1;1;0;20681.74;0
47162;2023;1;1;0;13333.34;0
46783;2023;1;1;0;8286.71;0
43149;2023;1;2;1;4247.86;2497.86
99975;2023;1;1;0;6193.71;0
47530;2023;1;3;1;4999.61;363
38210;2023;1;1;0;3175.66;0
24429;2023;1;3;0;13948.67;0
47315;2023;1;5;0;38517.37;0
23868;2023;1;2;0;2916.67;0
47671;2023;1;8;0;10597.37;0
46442;2023;1;1;0;33170.78;0
46788;2023;1;2;0;206.19;0
30886;2023;1;3;0;10835.81;0
36472;2023;1;1;0;4002.72;0
43367;2023;1;1;0;33743.33;0
43319;2023;1;1;0;2200;0
48686;2023;1;2;2;4350.18;4350.18
40767;2023;1;1;0;2536;0
46207;2023;1;5;1;30135.37;8142.02
40254;2023;1;1;0;2850;0
42736;2023;1;2;0;5565.34;0
46521;2023;1;1;0;3928.57;0
47498;2023;1;1;1;1290.25;0
47000;2023;1;1;1;702.96;702.96
47671;2023;1;1;0;864.97;0
48483;2023;1;1;8;777.18;777.18
47530;2023;1;1;0;387.26;0
23868;2023;1;1;0;842.5;0
47515;2023;1;1;0;738.48;0
38706;2023;1;1;0;2400;0
47535;2023;1;1;0;454.44;0
46616;2023;1;1;0;48.91;0
47515;2023;1;1;0;28.4;0
48950;2023;1;8;6;0;0
47674;2023;1;7;6;0;0
47315;2022;12;5;0;33558.24;0
46789;2022;12;5;0;0;0
55560;2022;12;2;0;3682.26;0
42063;2022;12;2;0;0;0
35308;2022;12;1;0;10164.09;0
45453;2022;12;2;0;0;0
27415;2022;12;2;0;2226.15;0
47177;2022;12;2;0;0;0
46783;2022;12;1;0;9626.85;0
38210;2022;12;1;0;1243.94;0
37462;2022;12;3;0;6430.18;0
43367;2022;12;1;0;33743.33;0
45493;2022;12;2;0;16481.18;0
3721;2022;12;4;0;42638.12;0
46550;2022;12;1;0;2690;0
47515;2022;12;5;0;7137.55;0
47701;2022;12;2;1;48000;48000
36472;2022;12;1;0;4002.72;0
41339;2022;12;2;0;320.35;0
44305;2022;12;3;0;5000;0
36051;2022;12;1;0;6612.67;0
47686;2022;12;2;0;3333.33;0
47588;2022;12;1;0;1916.51;0
99975;2022;12;2;0;12387.42;0
42880;2022;12;4;0;17987.49;0
36102;2022;12;3;0;18351.33;0
42222;2022;12;1;0;6866.67;0
38787;2022;12;12;0;30451.33;0
47742;2022;12;13;0;81892.86;0
44167;2022;12;3;0;8120.83;0
39902;2022;12;18;0;95388.75;0
28644;2022;12;4;0;13934.15;0
40254;2022;12;2;0;2850;0
39362;2022;12;3;0;15196.76;0
48024;2022;12;10;0;18449.14;0
1;2022;12;1;0;3932.32;0
42830;2022;12;1;0;5826.75;0
42736;2022;12;2;0;5565.34;0
34268;2022;12;3;0;6200;0
38538;2022;12;16;0;67370.96;0
37666;2022;12;4;0;273666.67;0
35936;2022;12;2;0;9244.72;0
47671;2022;12;1;8;1298.77;1298.77
23095;2022;12;12;0;63231.96;0
99920;2022;12;1;0;1000;0
38460;2022;12;2;0;25745.98;0
46788;2022;12;5;0;364.18;0
47498;2022;12;10;0;19829.57;0
47937;2022;12;1;0;0;0
23868;2022;12;2;0;16151.67;0
41941;2022;12;16;0;108365.66;0
41679;2022;12;2;0;8864.64;0
46842;2022;12;1;0;4177.55;0
47825;2022;12;1;1;8383.33;8383.33
25861;2022;12;1;0;1997.57;0
115;2022;12;2;0;20260.28;0
47535;2022;12;7;0;11229.52;0
37279;2022;12;5;0;11402.77;0
42022;2022;12;26;2;150099.15;7176.39
38706;2022;12;5;0;19029.74;0
44850;2022;12;1;0;2007.72;0
47557;2022;12;1;1;7000;7000
43660;2022;12;9;0;80847.56;0
42851;2022;12;3;0;30192.74;0
40531;2022;12;1;0;3719.73;0
47182;2022;12;1;0;762.22;0
21515;2022;12;1;0;3100;0
43319;2022;12;2;0;2200;0
45745;2022;12;4;0;25416.67;0
42438;2022;12;3;0;1062.74;0
38114;2022;12;6;0;21942.11;0
44271;2022;12;9;0;39444.77;0
47383;2022;12;1;0;27600;0
43404;2022;12;1;0;37264.74;0
39431;2022;12;3;0;1317.25;0
46427;2022;12;1;0;4708.34;0
47181;2022;12;11;0;20250.21;0
46616;2022;12;7;1;14940.4;129.88
40687;2022;12;2;0;25102.7;0
35130;2022;12;1;0;3916.66;0
37364;2022;12;3;0;8894.76;0
47675;2022;12;4;4;7559.85;7559.85
45096;2022;12;12;0;32164.11;0
14438;2022;12;1;0;803.76;0
33672;2022;12;2;0;12178.55;0
46407;2022;12;5;0;43619.06;0
32179;2022;12;3;0;21050.23;0
31584;2022;12;5;0;4971.43;0
27679;2022;12;2;0;2492.42;0
24429;2022;12;4;0;14669.29;0
47152;2022;12;5;0;3258.22;0
30886;2022;12;5;0;30835.81;0
41649;2022;12;3;0;5000;0
38335;2022;12;1;0;3333.33;0
42508;2022;12;1;0;8000;0
48183;2022;12;1;14;10.91;10.91
37157;2022;12;2;0;17378.81;0
46521;2022;12;1;0;3928.57;0
47757;2022;12;6;6;16374.94;16374.94
33240;2022;12;4;0;23804.52;0
44075;2022;12;1;0;5848.02;0
37592;2022;12;2;0;35016.66;0
36560;2022;12;1;0;3473;0
47530;2022;12;3;3;5362.72;5362.72
46022;2022;12;5;0;50723.22;0
47877;2022;12;4;1;6508.34;2703.34
36909;2022;12;1;0;3703.86;0
47162;2022;12;1;0;13333.34;0
45104;2022;12;7;0;31013.33;0
33812;2022;12;3;0;4877.81;0
44863;2022;12;5;0;1286.25;0
39341;2022;12;5;0;20650.84;0
41701;2022;12;2;0;4714.27;0
46773;2022;12;1;0;2850;0
99999;2022;12;1;0;0;0
6716;2022;12;2;0;1724.14;0
24230;2022;12;6;1;26005.03;4467.33
39144;2022;12;2;0;3170.83;0
42335;2022;12;3;0;15196.76;0
46442;2022;12;1;0;7523.26;0
37807;2022;12;2;0;4911.57;0
29066;2022;12;1;0;5400;0
47676;2022;12;5;5;11026.79;11026.79
30999;2022;12;4;0;6303.09;0
46031;2022;12;3;0;25660.01;0
47677;2022;12;2;0;2126.29;0
43405;2022;12;1;0;4750;0
44721;2022;12;1;0;5600;0
39120;2022;12;5;0;6831.47;0
47532;2022;12;1;0;4166.67;0
44168;2022;12;7;0;20040.01;0
37902;2022;12;1;0;2702.97;0
25716;2022;12;1;0;2251.94;0
47000;2022;12;5;0;10223.94;0
47442;2022;12;1;0;1801.61;0
46611;2022;12;4;0;16738.84;0
38600;2022;12;1;0;5426.92;0
45744;2022;12;2;0;12385.15;0
37173;2022;12;1;0;10000;0
43149;2022;12;1;0;1750;0
47074;2022;12;1;0;5796.45;0
41200;2022;12;6;0;11826.48;0
41962;2022;12;2;0;1416.67;0
47262;2022;12;3;0;10083.33;0
47176;2022;12;11;0;19242.68;0
37254;2022;12;58;2;301472.42;6593.34
42460;2022;12;4;0;10722.11;0
38406;2022;12;2;0;5035.72;0
26550;2022;12;1;0;6475.66;0
49004;2022;12;1;1;1519.97;0
46615;2022;12;9;0;14046.86;0
46661;2022;12;3;0;34575.66;0
40767;2022;12;1;0;0;0
88882;2022;12;1;0;7044.02;0
99954;2022;12;2;0;0;0
36217;2022;12;4;0;1766.29;0
46207;2022;12;6;0;22256.03;0
32424;2022;12;6;0;15588.71;0
46615;2022;12;1;0;1156.5;0
48024;2022;12;1;10;1174.87;1174.87
43405;2022;12;1;0;2222.22;0
47000;2022;12;1;0;519.51;0
42022;2022;12;1;0;2708.33;0
39341;2022;12;1;0;0;0
39902;2022;11;15;0;94761.58;0
39144;2022;11;2;0;3170.83;0
28644;2022;11;4;0;13934.15;0
43149;2022;11;1;0;1750;0
37364;2022;11;2;0;8894.76;0
47383;2022;11;1;0;27600;0
47162;2022;11;1;0;13333.34;0
42438;2022;11;1;0;0;0
46773;2022;11;1;0;2850;0
42335;2022;11;3;0;15196.76;0
44168;2022;11;7;1;18124.45;777.78
39362;2022;11;3;0;15196.76;0
35308;2022;11;1;0;7589.09;0
36217;2022;11;1;0;1766.29;0
47262;2022;11;1;1;8066.66;8066.66
115;2022;11;2;0;15655.02;0
47742;2022;11;7;0;81960.25;0
38406;2022;11;2;0;5035.72;0
6716;2022;11;1;0;1724.14;0
46616;2022;11;6;0;14984.97;0
24429;2022;11;3;0;13723.29;0
46611;2022;11;4;1;14706.67;2500
37157;2022;11;3;0;17378.81;0
30999;2022;11;2;0;6303.09;0
47074;2022;11;1;0;5796.45;0
47181;2022;11;5;0;20250.21;0
33240;2022;11;4;0;23820.87;0
47686;2022;11;1;0;1262.34;0
26550;2022;11;1;0;10369.86;0
33812;2022;11;1;0;4877.81;0
14438;2022;11;1;0;803.76;0
47000;2022;11;6;6;10646.04;10646.04
38114;2022;11;7;0;20779.15;0
40531;2022;11;1;0;3719.73;0
46783;2022;11;1;0;8286.71;0
45096;2022;11;11;0;31933.33;0
41941;2022;11;16;0;112662.61;0
36051;2022;11;1;0;40832.02;0
33672;2022;11;2;0;12178.55;0
44721;2022;11;1;0;5600;0
47442;2022;11;1;0;1801.61;0
42851;2022;11;2;0;10692.74;0
24230;2022;11;5;1;18469.37;416.67
35936;2022;11;1;0;9244.72;0
25716;2022;11;1;0;2251.94;0
43404;2022;11;1;0;41181.35;0
46842;2022;11;1;0;4216.83;0
47152;2022;11;3;0;3345.46;0
44850;2022;11;1;0;2177.97;0
29066;2022;11;1;0;5400;0
37666;2022;11;2;0;23666.67;0
46207;2022;11;7;2;17861.12;7277.78
37279;2022;11;5;0;11236.17;0
35130;2022;11;1;0;3916.66;0
45104;2022;11;3;0;21013.33;0
38460;2022;11;2;0;25745.98;0
41339;2022;11;2;0;320.35;0
43319;2022;11;1;0;2200;0
25861;2022;11;1;0;1997.57;0
55560;2022;11;2;0;3681.89;0
3721;2022;11;4;0;36564.76;0
45745;2022;11;4;1;22361.12;1527.78
42880;2022;11;3;0;17987.49;0
46427;2022;11;1;0;9791.68;0
37462;2022;11;3;0;6430.18;0
23868;2022;11;2;0;3351.67;0
46031;2022;11;3;0;25660.01;0
47588;2022;11;1;1;2083.33;0
36560;2022;11;1;0;3543;0
46615;2022;11;10;0;15831.43;0
47937;2022;11;1;1;0;0
43367;2022;11;1;0;33743.33;0
46788;2022;11;3;0;364.18;0
38706;2022;11;5;0;19127.83;0
42830;2022;11;1;0;5826.75;0
38787;2022;11;12;0;30546.23;0
42508;2022;11;1;0;8000;0
99975;2022;11;2;0;12413.42;0
36909;2022;11;1;1;3762.6;0
41679;2022;11;2;0;8864.64;0
38600;2022;11;1;0;5426.92;0
47182;2022;11;1;0;762.22;0
21515;2022;11;1;0;3100;0
38210;2022;11;1;0;1243.94;0
40687;2022;11;2;0;26041.78;0
47498;2022;11;1;10;1334.74;1334.74
32179;2022;11;3;0;21926.67;0
23095;2022;11;12;0;63231.96;0
99999;2022;11;1;0;0;0
43405;2022;11;1;0;4750;0
47535;2022;11;1;0;955.86;0
47877;2022;11;1;4;3680;3680
99995;2022;11;1;0;15910.05;0
47315;2022;11;5;0;40097.03;0
41962;2022;11;1;0;1416.67;0
42222;2022;11;1;1;6666.67;6666.67
37902;2022;11;1;0;2702.97;0
27679;2022;11;2;0;2492.42;0
44863;2022;11;1;0;1286.25;0
36472;2022;11;1;0;4002.72;0
39120;2022;11;3;0;6851.2;0
36102;2022;11;2;0;18351.33;0
46442;2022;11;1;0;7523.26;0
46550;2022;11;1;0;5070;0
39431;2022;11;1;0;1291.41;0
47532;2022;11;1;0;4166.67;0
27415;2022;11;1;0;2226.15;0
44167;2022;11;2;0;8120.83;0
47176;2022;11;7;0;19247.05;0
1;2022;11;1;0;3932.32;0
38538;2022;11;16;1;60952.59;3551.87
46375;2022;11;14;0;14611.41;0
37173;2022;11;1;0;10000;0
45493;2022;11;2;0;16481.18;0
46022;2022;11;5;0;48550.58;0
37592;2022;11;2;0;35016.66;0
44075;2022;11;1;0;5848.02;0
39341;2022;11;3;0;20644.31;0
99954;2022;11;2;0;0;0
44271;2022;11;7;0;36244.77;0
42736;2022;11;2;0;5565.34;0
38335;2022;11;1;0;3333.33;0
30886;2022;11;3;0;10835.81;0
43660;2022;11;9;0;80847.56;0
47515;2022;11;1;0;990.9;0
46407;2022;11;5;0;82207.28;0
45744;2022;11;2;0;13137.08;0
47677;2022;11;2;0;2331.76;0
37807;2022;11;1;0;4911.57;0
34268;2022;11;2;0;6200;0
32424;2022;11;6;0;15627.14;0
46661;2022;11;3;0;25894.93;0
44305;2022;11;1;0;5000;0
42022;2022;11;25;1;152996.9;1344.14
41200;2022;11;5;0;9952.36;0
37254;2022;11;55;4;286454.89;5839.07
49004;2022;11;1;1;1568.7;0
41701;2022;11;2;0;4714.27;0
46375;2022;11;1;4;673.69;0
40767;2022;11;1;0;1275;0
34315;2022;11;1;0;7744;0
46375;2022;11;3;5;1401.5;0
46375;2022;11;1;1;90.13;90.13
37254;2022;11;1;3;190.67;0
38538;2022;11;1;1;0;0
24230;2022;10;4;0;18187.15;0
38406;2022;10;2;0;5035.72;0
46550;2022;10;1;0;63685;0
24429;2022;10;3;0;13948.67;0
37666;2022;10;2;0;23666.67;0
36217;2022;10;1;0;1766.29;0
37592;2022;10;2;0;35016.66;0
43404;2022;10;1;0;27407.65;0
47742;2022;10;7;1;81756.4;3111.11
28644;2022;10;4;0;13934.15;0
25861;2022;10;1;0;1997.57;0
29066;2022;10;1;0;5871;0
45745;2022;10;3;1;19333.34;3500
6716;2022;10;1;0;1724.14;0
39902;2022;10;15;0;98069.33;0
42438;2022;10;2;0;1062.74;0
46842;2022;10;1;0;4365.02;0
30999;2022;10;2;0;10514.07;0
34268;2022;10;2;0;6200;0
37279;2022;10;5;0;11320.97;0
37364;2022;10;2;0;8894.76;0
46661;2022;10;3;0;29208.44;0
99999;2022;10;1;0;0;0
3721;2022;10;4;0;36564.76;0
25716;2022;10;1;0;2251.94;0
47162;2022;10;1;0;13333.34;0
55560;2022;10;2;0;3681.89;0
36472;2022;10;1;0;4002.72;0
46783;2022;10;1;0;8286.71;0
46611;2022;10;3;1;21098.96;6250.01
27415;2022;10;1;0;2226.15;0
44167;2022;10;2;0;8120.83;0
35308;2022;10;1;0;5871.09;0
39341;2022;10;3;0;20671.31;0
40687;2022;10;2;0;26061.87;0
47182;2022;10;1;0;762.22;0
44850;2022;10;1;0;2131.49;0
46442;2022;10;1;0;7523.26;0
47152;2022;10;3;0;3311.55;0
36102;2022;10;2;0;18431.33;0
45104;2022;10;3;0;20791.11;0
31584;2022;10;2;0;4971.43;0
44863;2022;10;1;0;1286.25;0
23868;2022;10;2;0;3351.67;0
40767;2022;10;1;0;1991.25;0
99975;2022;10;2;0;12798.24;0
41941;2022;10;16;0;108527.25;0
38210;2022;10;1;0;1243.94;0
42830;2022;10;1;0;5826.75;0
38787;2022;10;12;0;30546.23;0
21515;2022;10;1;0;3100;0
38460;2022;10;2;0;25745.98;0
42880;2022;10;3;0;17987.49;0
44305;2022;10;1;0;5000;0
32179;2022;10;3;0;21926.67;0
46207;2022;10;2;0;10583.34;0
40254;2022;10;1;0;2850;0
41679;2022;10;2;0;8864.64;0
38114;2022;10;6;0;19934.7;0
41200;2022;10;5;0;9650.52;0
46031;2022;10;3;0;25660.01;0
38706;2022;10;5;0;19407.14;0
42022;2022;10;25;2;153721.47;10416.66
37254;2022;10;49;5;266165.06;15896.72
99954;2022;10;2;0;0;0
43367;2022;10;1;0;33743.33;0
43660;2022;10;9;0;80847.56;0
32424;2022;10;6;0;15627.14;0
36051;2022;10;1;0;66608.68;0
1;2022;10;1;0;3932.32;0
42508;2022;10;1;0;8000;0
47677;2022;10;2;0;2157.55;0
47535;2022;10;1;0;955.86;0
46427;2022;10;1;0;4166.67;0
45096;2022;10;11;0;31933.33;0
35936;2022;10;1;0;9244.72;0
41649;2022;10;1;0;5000;0
46375;2022;10;13;0;14019.74;0
43308;2022;10;4;0;15833.33;0
39362;2022;10;3;1;15196.76;5700
47383;2022;10;1;0;27600;0
115;2022;10;2;1;15502.28;7296.34
39431;2022;10;1;0;1291.41;0
47532;2022;10;1;1;4166.67;0
34315;2022;10;1;0;14520;0
37902;2022;10;1;0;2702.97;0
36909;2022;10;1;1;3682.6;0
46521;2022;10;1;0;3928.57;0
47515;2022;10;1;0;1023.93;0
44721;2022;10;1;0;5600;0
47937;2022;10;1;2;591.97;0
33812;2022;10;1;0;4877.81;0
39120;2022;10;3;0;6517.12;0
38538;2022;10;15;1;60117.46;2747.42
47588;2022;10;1;11;2083.33;2083.33
38335;2022;10;1;1;666.67;666.67
41962;2022;10;1;0;1416.67;0
43149;2022;10;1;0;1000;0
37462;2022;10;3;0;6429.68;0
46407;2022;10;5;0;77333.33;0
42335;2022;10;3;1;15196.76;5700
33240;2022;10;4;0;25407.9;0
41339;2022;10;3;0;252;0
46616;2022;10;1;0;930.87;0
37157;2022;10;2;0;22478.81;0
14438;2022;10;1;0;803.76;0
45493;2022;10;2;0;16481.18;0
46773;2022;10;1;0;2850;0
47074;2022;10;1;0;5796.45;0
42851;2022;10;2;0;10692.74;0
47442;2022;10;1;0;1801.61;0
39144;2022;10;2;0;3170.83;0
47181;2022;10;5;0;20250.21;0
35130;2022;10;1;0;3916.66;0
40531;2022;10;1;0;3719.73;0
47686;2022;10;1;0;1262.34;0
33672;2022;10;2;0;12178.55;0
44271;2022;10;7;0;36244.77;0
26550;2022;10;1;0;6475.66;0
30886;2022;10;3;0;10835.81;0
44168;2022;10;6;0;17391.67;0
23095;2022;10;12;0;63231.96;0
27679;2022;10;2;0;2492.19;0
42736;2022;10;2;0;5465.34;0
36560;2022;10;1;0;3533;0
47745;2022;10;6;0;24243.71;0
42460;2022;10;3;0;10722.11;0
45744;2022;10;2;0;13427.38;0
46788;2022;10;3;0;336.41;0
43319;2022;10;1;0;2200;0
47315;2022;10;5;1;33279.42;1916.67
43405;2022;10;1;0;4750;0
46615;2022;10;4;0;5133.16;0
47176;2022;10;7;0;16962.31;0
46022;2022;10;5;0;48540.98;0
37807;2022;10;1;0;4911.57;0
37173;2022;10;1;0;10000;0
38600;2022;10;1;0;5426.92;0
44075;2022;10;1;0;5848.02;0
41701;2022;10;2;0;4714.27;0
46375;2022;10;1;1;570.38;0
25861;2022;10;1;0;1833.35;0
39902;2022;10;1;0;921.02;0
39341;2022;10;1;0;420;0
46375;2022;10;1;0;501.77;0
39902;2022;10;1;1;1894.7;0
46375;2022;10;1;1;320.5;0
45104;2022;10;1;1;10000;0
24230;2022;10;1;0;5402;0
46375;2022;10;1;0;80.13;0
46022;2022;9;5;0;49005.82;0
47677;2022;9;2;0;2754.94;0
38600;2022;9;1;0;5426.92;0
40531;2022;9;1;0;3719.73;0
33672;2022;9;2;0;12178.55;0
46550;2022;9;1;0;5070;0
42508;2022;9;2;0;8000;0
43404;2022;9;1;0;9944.81;0
33240;2022;9;5;1;28759.56;3416.67
34268;2022;9;3;0;6200;0
46521;2022;9;2;0;3928.57;0
36217;2022;9;2;0;1766.29;0
46842;2022;9;1;0;4654.86;0
42022;2022;9;23;1;140891.71;3750
40687;2022;9;2;0;23881.93;0
36051;2022;9;1;0;69450.02;0
47535;2022;9;1;7;955.86;955.86
42438;2022;9;2;0;1030.78;0
38114;2022;9;7;0;19614.04;0
42851;2022;9;2;0;10692.74;0
21515;2022;9;2;0;3100;0
37592;2022;9;2;0;35016.66;0
47442;2022;9;3;0;1801.61;0
30886;2022;9;5;0;10835.81;0
31584;2022;9;4;0;4971.43;0
44721;2022;9;1;0;5600;0
47074;2022;9;1;0;5796.45;0
35130;2022;9;1;0;3916.66;0
45104;2022;9;7;0;37680;0
43660;2022;9;9;0;78847.56;0
41941;2022;9;16;1;107851.71;5359.89
45745;2022;9;2;1;12361.12;694.45
6716;2022;9;2;0;1724.14;0
46616;2022;9;1;0;1292.4;0
39902;2022;9;16;0;95004.1;0
46611;2022;9;6;0;10346.67;0
34315;2022;9;1;0;14520;0
41200;2022;9;7;0;9452.2;0
37364;2022;9;3;0;8894.76;0
33812;2022;9;4;0;5956.13;0
27415;2022;9;3;0;2226.15;0
55560;2022;9;2;0;3681.89;0
47742;2022;9;9;4;72462.03;50489.75
38406;2022;9;3;0;5035.72;0
47162;2022;9;1;0;13333.34;0
46407;2022;9;5;0;44233.24;0
44850;2022;9;1;0;2095.07;0
27679;2022;9;4;0;2492.42;0
44168;2022;9;6;0;17166.67;0
115;2022;9;1;0;8205.94;0
35308;2022;9;1;0;10144.09;0
41701;2022;9;2;0;4714.27;0
47176;2022;9;13;4;15311.55;2880
47686;2022;9;1;0;1262.34;0
46773;2022;9;2;0;2850;0
37254;2022;9;46;0;247875.58;0
37157;2022;9;2;0;17378.81;0
46207;2022;9;2;2;6702.78;6702.78
37462;2022;9;3;0;4422.9;0
32424;2022;9;6;0;15301.28;0
99995;2022;9;1;0;7183.66;0
43149;2022;9;2;0;1000;0
26550;2022;9;2;0;6475.66;0
39144;2022;9;3;0;3170.83;0
44075;2022;9;1;0;5848.02;0
24429;2022;9;3;0;13723.29;0
42460;2022;9;6;0;14818;0
45493;2022;9;4;0;16481.18;0
41962;2022;9;1;0;1416.67;0
38460;2022;9;3;0;25814.18;0
36560;2022;9;2;0;3473;0
41649;2022;9;1;0;5000;0
25716;2022;9;2;0;2251.94;0
35936;2022;9;2;0;20018.72;0
3721;2022;9;4;0;36539.25;0
47532;2022;9;1;1;4166.67;0
44863;2022;9;2;0;1286.25;0
43308;2022;9;4;0;15833.33;0
40254;2022;9;2;0;2850;0
39341;2022;9;5;0;21298.31;0
39120;2022;9;6;0;6517.12;0
39362;2022;9;2;0;5465.66;0
41339;2022;9;3;0;320.53;0
42335;2022;9;2;0;5465.66;0
37902;2022;9;1;0;2702.97;0
38210;2022;9;1;0;4969.38;0
37279;2022;9;5;0;11592.97;0
47181;2022;9;7;0;20250.21;0
37173;2022;9;1;0;10000;0
42063;2022;9;1;0;7033.34;0
46788;2022;9;5;0;349.99;0
47383;2022;9;1;0;27600;0
46615;2022;9;2;0;1643.37;0
30999;2022;9;3;0;6303.09;0
99999;2022;9;1;0;0;0
23868;2022;9;3;0;3351.67;0
39431;2022;9;3;0;1291.41;0
23095;2022;9;12;0;63231.96;0
46031;2022;9;3;1;25660.01;6666.67
46661;2022;9;3;0;25695.11;0
47937;2022;9;1;0;1233.83;0
47745;2022;9;6;0;24035.71;0
46442;2022;9;1;0;7327.73;0
29066;2022;9;1;0;5400;0
38538;2022;9;14;1;58682.15;4393.27
44167;2022;9;5;0;8120.83;0
42880;2022;9;3;0;17987.49;0
45744;2022;9;2;0;12876.85;0
40767;2022;9;2;0;2250;0
47152;2022;9;6;0;2406.65;0
46783;2022;9;1;0;8286.71;0
43405;2022;9;2;0;4750;0
42830;2022;9;1;0;5826.75;0
41679;2022;9;2;0;9407.64;0
99920;2022;9;1;0;1050;0
36102;2022;9;3;0;18333.33;0
32179;2022;9;3;0;21926.67;0
45096;2022;9;11;0;31108.34;0
37666;2022;9;4;0;23666.67;0
1;2022;9;1;0;3932.32;0
24230;2022;9;5;0;23029.47;0
36472;2022;9;1;0;4002.72;0
14438;2022;9;2;0;707.19;0
47515;2022;9;1;0;990.9;0
36909;2022;9;1;2;3682.6;0
43367;2022;9;1;0;33743.33;0
28644;2022;9;5;0;18321.29;0
42736;2022;9;2;0;5465.34;0
25861;2022;9;3;0;6120.66;0
38787;2022;9;13;0;30067.45;0
46624;2022;9;2;0;0;0
37807;2022;9;1;0;4791.78;0
99954;2022;9;2;0;0;0
41979;2022;9;1;0;0;0
44305;2022;9;1;0;5000;0
47177;2022;9;3;0;0;0
43319;2022;9;1;0;2200;0
46375;2022;9;13;3;12131.23;627.42
38706;2022;9;7;0;19658.74;0
47315;2022;9;4;0;24030.19;0
44271;2022;9;8;0;36244.77;0
46427;2022;9;1;0;4166.67;0
47182;2022;9;1;0;749.99;0
99975;2022;9;2;0;10421.33;0
41701;2022;9;1;0;2875;0
47315;2022;9;1;0;3194.45;0
47152;2022;9;1;0;864;0
37254;2022;9;1;2;1177.78;0
47176;2022;9;2;2;120;0
28644;2022;9;1;0;238.09;0
41649;2022;8;1;0;5000;0
38787;2022;8;12;2;25599.12;338.1
34268;2022;8;2;0;6200;0
39362;2022;8;2;0;5219.38;0
47176;2022;8;5;0;16086.93;0
46427;2022;8;1;0;4166.67;0
37592;2022;8;2;0;38133.33;0
45744;2022;8;2;0;12826.55;0
34315;2022;8;1;0;14520;0
38538;2022;8;12;0;53708.39;0
46550;2022;8;1;0;5070;0
36102;2022;8;2;0;18333.33;0
27679;2022;8;2;0;2492.19;0
46442;2022;8;1;0;7327.73;0
21515;2022;8;1;0;3100;0
47182;2022;8;1;0;749.99;0
38114;2022;8;6;0;19378.58;0
43149;2022;8;1;0;1000;0
41339;2022;8;2;0;320.53;0
47532;2022;8;1;2;4166.67;0
47383;2022;8;1;0;458267.36;0
37902;2022;8;1;0;2702.97;0
32179;2022;8;3;0;21926.67;0
35936;2022;8;1;0;9244.72;0
42335;2022;8;2;0;5219.38;0
23095;2022;8;12;0;61899.45;0
36909;2022;8;1;2;3682.6;0
38460;2022;8;2;0;25711.88;0
45493;2022;8;2;0;16481.18;0
115;2022;8;1;0;8205.94;0
38210;2022;8;1;0;5383.34;0
29066;2022;8;1;0;5400;0
41701;2022;8;3;0;6651.77;0
41679;2022;8;2;0;8401.97;0
40767;2022;8;1;0;2250;0
24429;2022;8;3;0;13723.29;0
36217;2022;8;1;0;1766.29;0
41962;2022;8;1;0;1416.67;0
36472;2022;8;1;0;4002.72;0
42736;2022;8;2;0;5465.34;0
47074;2022;8;1;0;5796.45;0
44305;2022;8;1;0;5000;0
47937;2022;8;1;0;1368.83;0
46773;2022;8;1;0;2850;0
47442;2022;8;1;0;1801.61;0
42851;2022;8;2;0;10692.74;0
47152;2022;8;4;0;4596.84;0
30886;2022;8;3;0;10835.81;0
40531;2022;8;1;0;3719.73;0
46842;2022;8;1;0;4479.27;0
25861;2022;8;3;0;6120.66;0
42438;2022;8;2;0;1030.78;0
35308;2022;8;1;0;5871.09;0
30999;2022;8;2;0;6303.09;0
39431;2022;8;1;0;1291.41;0
43404;2022;8;1;0;10884.37;0
36051;2022;8;1;0;42295.82;0
43319;2022;8;1;0;2200;0
40687;2022;8;2;0;23618.57;0
3721;2022;8;4;0;36497.65;0
37364;2022;8;2;0;8894.76;0
42063;2022;8;1;0;7033.34;0
43308;2022;8;4;0;20333.33;0
88882;2022;8;11;0;50122.44;0
33672;2022;8;2;0;14048.48;0
46375;2022;8;10;0;10509.34;0
45096;2022;8;11;0;31108.34;0
37279;2022;8;5;0;10036.87;0
47181;2022;8;5;0;20250.21;0
38706;2022;8;5;0;19044.92;0
47686;2022;8;1;0;1262.34;0
44167;2022;8;2;0;8120.83;0
99954;2022;8;2;0;0;0
47745;2022;8;6;0;23541.71;0
42508;2022;8;1;0;8000;0
46616;2022;8;1;6;1282.28;1282.28
46624;2022;8;2;0;21997.61;0
24230;2022;8;5;0;21779.47;0
44863;2022;8;1;0;1286.25;0
41941;2022;8;15;2;90502.61;2435.93
99975;2022;8;2;0;8382.25;0
43367;2022;8;1;0;33743.33;0
39902;2022;8;15;0;82613.16;0
46407;2022;8;5;1;42333.33;3750
47315;2022;8;5;0;25698.46;0
14438;2022;8;1;0;761.91;0
43660;2022;8;9;0;74570.18;0
41200;2022;8;5;0;9552.2;0
46022;2022;8;5;0;48127.76;0
28644;2022;8;6;0;25464.15;0
37157;2022;8;2;0;17378.81;0
37254;2022;8;42;5;236297.41;14649.26
1;2022;8;1;0;3932.32;0
33240;2022;8;3;0;19503.29;0
42022;2022;8;22;2;132639.89;5422.22
46521;2022;8;1;0;5300.65;0
99902;2022;8;6;0;23541.71;0
35130;2022;8;1;0;3916.66;0
99999;2022;8;1;0;0;0
32424;2022;8;6;0;14923.05;0
37807;2022;8;1;0;4791.78;0
31584;2022;8;2;0;4971.43;0
55560;2022;8;2;0;3681.89;0
39144;2022;8;2;0;3170.83;0
46615;2022;8;2;0;2013.44;0
45104;2022;8;3;0;37680;0
27415;2022;8;1;0;2226.15;0
23868;2022;8;2;0;3351.67;0
38600;2022;8;1;0;5426.92;0
44271;2022;8;7;0;36244.77;0
37173;2022;8;1;0;10000;0
47677;2022;8;2;0;2765.77;0
25716;2022;8;1;0;2251.94;0
39341;2022;8;4;0;21298.31;0
46031;2022;8;2;0;20403.34;0
33812;2022;8;1;0;4518.37;0
47515;2022;8;1;0;1023.93;0
46661;2022;8;3;0;25695.11;0
39120;2022;8;3;0;6517.12;0
41979;2022;8;5;0;7520.78;0
44075;2022;8;1;0;5586.35;0
6716;2022;8;1;0;1724.14;0
44850;2022;8;1;0;2385.87;0
47162;2022;8;1;0;13333.34;0
45745;2022;8;1;0;11666.67;0
44168;2022;8;6;0;17301.67;0
37462;2022;8;3;0;4422.9;0
44721;2022;8;1;0;6200;0
42830;2022;8;1;0;5825.96;0
46611;2022;8;3;0;8060;0
42880;2022;8;3;0;17987.49;0
38406;2022;8;2;0;5035.72;0
37666;2022;8;2;0;23666.67;0
40254;2022;8;1;0;2850;0
43405;2022;8;1;0;4750;0
26550;2022;8;1;0;6475.66;0
46788;2022;8;3;0;349.99;0
46783;2022;8;1;0;8286.71;0
42460;2022;8;4;0;15722.11;0
36560;2022;8;1;0;3503;0
46375;2022;8;1;0;1644.24;0
38335;2022;8;1;0;659.72;0
24429;2022;8;1;0;501.8;0
41679;2022;8;1;0;0;0
55560;2022;7;2;0;3681.89;0
44167;2022;7;2;0;8120.83;0
34315;2022;7;1;0;14520;0
27679;2022;7;2;0;2492.42;0
39902;2022;7;14;0;81679.25;0
43308;2022;7;4;0;15833.33;0
37157;2022;7;2;0;17378.81;0
45745;2022;7;1;0;10833.33;0
37364;2022;7;2;0;8894.76;0
115;2022;7;1;0;10109.94;0
28644;2022;7;6;0;39632.52;0
38406;2022;7;2;2;2182.15;2182.15
35308;2022;7;1;0;5871.09;0
39362;2022;7;2;0;5220.43;0
47176;2022;7;6;0;17339.3;0
36217;2022;7;1;0;1766.29;0
38114;2022;7;6;0;19438.87;0
35936;2022;7;3;0;9244.72;0
32179;2022;7;3;0;21926.67;0
40531;2022;7;1;0;3719.73;0
46773;2022;7;1;0;2850;0
47745;2022;7;6;1;23541.71;5000
46022;2022;7;5;0;48127.76;0
36051;2022;7;1;0;2360.65;0
44850;2022;7;1;0;2322.71;0
43367;2022;7;1;0;33743.33;0
44075;2022;7;1;0;16251.35;0
35130;2022;7;1;0;3916.66;0
99999;2022;7;1;0;0;0
41679;2022;7;2;0;8401.97;0
6716;2022;7;1;0;1724.14;0
42851;2022;7;2;0;10692.74;0
37279;2022;7;5;0;11515.64;0
45998;2022;7;2;0;5783.5;0
41962;2022;7;1;0;968.05;0
33812;2022;7;1;0;4518.37;0
40254;2022;7;1;0;2850;0
38787;2022;7;10;1;24119.59;872.86
37902;2022;7;1;0;2702.97;0
45493;2022;7;2;0;16481.18;0
26550;2022;7;1;0;6475.66;0
38210;2022;7;1;0;5383.34;0
39120;2022;7;3;0;6517.12;0
43404;2022;7;1;0;6695.68;0
42460;2022;7;4;0;18113.6;0
42438;2022;7;2;0;1030.78;0
44168;2022;7;6;0;17661.67;0
29066;2022;7;1;0;5400;0
36909;2022;7;1;1;3830.1;0
36472;2022;7;1;0;4002.72;0
46615;2022;7;2;1;2082.87;0
47182;2022;7;1;0;749.99;0
36560;2022;7;1;0;3543;0
47177;2022;7;1;0;2000;0
38538;2022;7;12;2;56454.06;10707.68
47383;2022;7;1;1;29080.44;29080.44
37462;2022;7;3;0;4422.9;0
23095;2022;7;12;0;61899.45;0
37173;2022;7;1;0;10000;0
47181;2022;7;4;0;18250.21;0
3721;2022;7;4;0;36539.25;0
45096;2022;7;11;0;31108.34;0
46031;2022;7;2;0;18333.34;0
42736;2022;7;2;0;5465.34;0
41339;2022;7;2;0;320.53;0
41979;2022;7;5;0;7434.08;0
25716;2022;7;1;0;2251.94;0
39341;2022;7;4;0;21325.31;0
38600;2022;7;1;0;5426.92;0
30999;2022;7;2;0;11393.39;0
25861;2022;7;3;0;6120.66;0
41649;2022;7;1;0;5000;0
46521;2022;7;1;0;3928.57;0
44721;2022;7;1;0;5000;0
24230;2022;7;5;0;21879.47;0
42335;2022;7;2;0;5220.43;0
40687;2022;7;2;0;28542.18;0
47152;2022;7;4;0;4027.28;0
39431;2022;7;1;0;1291.41;0
39144;2022;7;2;0;3170.83;0
41941;2022;7;13;1;88816.09;1609.41
43660;2022;7;9;0;78140.89;0
47442;2022;7;1;1;1800.91;1800.91
41701;2022;7;3;1;5194.63;1114.28
47074;2022;7;1;0;5796.45;0
88882;2022;7;12;2;53620.04;9992.94
14438;2022;7;1;0;761.91;0
32424;2022;7;6;0;14935.88;0
42508;2022;7;1;0;8000;0
41200;2022;7;5;0;9717.08;0
40767;2022;7;1;0;1916.66;0
1;2022;7;1;0;3932.32;0
99902;2022;7;6;1;23541.71;5000
46407;2022;7;4;0;37916.66;0
46783;2022;7;1;0;8286.71;0
46661;2022;7;3;0;25695.11;0
42830;2022;7;1;0;5825.96;0
38460;2022;7;2;0;25711.88;0
31584;2022;7;2;0;4971.43;0
46611;2022;7;3;1;6449.33;1409.33
42880;2022;7;3;0;42443.41;0
47677;2022;7;1;0;1496.61;0
46624;2022;7;2;0;21997.61;0
47162;2022;7;1;2;13333.34;13333.34
46442;2022;7;1;0;7327.73;0
43149;2022;7;1;0;1000;0
44863;2022;7;1;0;1286.25;0
37807;2022;7;1;0;4791.78;0
33240;2022;7;4;0;51443.39;0
47686;2022;7;1;2;0;0
33672;2022;7;2;0;11430.58;0
37254;2022;7;37;1;207525.76;2777.77
21515;2022;7;1;0;3100;0
42063;2022;7;1;0;7033.34;0
47937;2022;7;1;3;1384.06;1384.06
44305;2022;7;1;0;5000;0
27415;2022;7;1;0;2226.15;0
46375;2022;7;10;0;11026.75;0
37666;2022;7;2;0;23666.67;0
36102;2022;7;2;0;18333.33;0
46842;2022;7;1;0;4501.88;0
37592;2022;7;2;0;31900;0
45104;2022;7;3;0;37860;0
43405;2022;7;1;0;4750;0
99954;2022;7;2;0;0;0
42022;2022;7;20;1;131027.78;7500
47515;2022;7;1;0;1023.93;0
34268;2022;7;2;0;6200;0
45744;2022;7;2;0;13021.99;0
24429;2022;7;4;0;17514.4;0
44271;2022;7;7;0;36138.16;0
38335;2022;7;1;0;3958.33;0
99975;2022;7;2;0;13981.14;0
46550;2022;7;1;0;5070;0
38706;2022;7;5;0;19258.69;0
43319;2022;7;1;1;2200;2200
46427;2022;7;1;0;4166.67;0
47315;2022;7;5;0;25143.68;0
30886;2022;7;3;0;10835.81;0
23868;2022;7;2;0;3351.67;0
41979;2022;7;1;0;1197.77;0
41979;2022;7;1;0;950.73;0
41979;2022;7;1;0;794.35;0
43660;2022;7;1;0;6112.23;0
38787;2022;7;1;0;357.14;0
38406;2022;7;1;0;881.98;0
41979;2022;7;1;0;213.13;0
99995;2022;6;3;0;29220.71;0
3721;2022;6;4;0;36317.58;0
42063;2022;6;2;0;7033.34;0
35130;2022;6;1;0;3916.66;0
37157;2022;6;3;0;17078.81;0
38787;2022;6;10;0;25464.65;0
46427;2022;6;1;0;4166.67;0
41339;2022;6;2;0;320.53;0
34315;2022;6;1;0;14520;0
42880;2022;6;3;0;58439.79;0
44271;2022;6;9;0;36050.01;0
32179;2022;6;3;0;21550;0
41200;2022;6;7;1;9608.7;166.67
47745;2022;6;5;5;16791.68;16791.68
42851;2022;6;3;0;10692.74;0
38706;2022;6;7;0;19474.92;0
39144;2022;6;2;0;3170.83;0
99968;2022;6;1;0;540.02;0
36560;2022;6;1;0;3553;0
25861;2022;6;3;0;6120.66;0
45744;2022;6;2;0;9666;0
44167;2022;6;6;0;8120.83;0
44305;2022;6;2;0;5000;0
36909;2022;6;1;0;3535.1;0
42335;2022;6;2;0;5910.33;0
47176;2022;6;13;0;17939.85;0
99975;2022;6;3;0;20115.36;0
44863;2022;6;2;0;1225;0
23868;2022;6;2;0;3451.67;0
41962;2022;6;3;0;708.33;0
37462;2022;6;4;0;4422.9;0
14438;2022;6;1;0;761.91;0
32424;2022;6;6;1;13711.85;400
38600;2022;6;1;0;5426.92;0
47515;2022;6;1;0;990.9;0
33240;2022;6;4;0;25421;0
45998;2022;6;2;0;5783.5;0
99954;2022;6;4;0;36544.58;0
47177;2022;6;2;0;2000;0
99999;2022;6;1;0;0;0
41701;2022;6;3;0;4017.85;0
43149;2022;6;1;0;1000;0
23095;2022;6;13;0;61656.21;0
41941;2022;6;12;0;83436.6;0
37254;2022;6;38;0;202353.52;0
46022;2022;6;5;1;47935.73;5833.3
46611;2022;6;3;2;3706.67;3706.67
43404;2022;6;1;0;5600.93;0
44075;2022;6;1;0;5586.35;0
99902;2022;6;5;5;16791.68;16791.68
47152;2022;6;7;0;3583.91;0
6716;2022;6;1;0;1724.14;0
33812;2022;6;5;0;4518.37;0
39120;2022;6;7;0;6517.12;0
45775;2022;6;5;1;7274.78;240.47
27415;2022;6;3;0;2226.15;0
36051;2022;6;1;0;7484.91;0
31584;2022;6;2;0;4971.43;0
39341;2022;6;5;0;21352.31;0
28644;2022;6;6;0;25464.15;0
40531;2022;6;1;0;3719.73;0
47074;2022;6;1;0;5796.45;0
43308;2022;6;4;0;15833.33;0
38406;2022;6;1;0;4215.31;0
45745;2022;6;1;0;10833.33;0
46773;2022;6;1;0;2850;0
42508;2022;6;1;0;28000;0
21515;2022;6;2;0;3100;0
36102;2022;6;2;0;18333.33;0
45104;2022;6;4;0;37500;0
44721;2022;6;1;0;5000;0
30886;2022;6;5;0;10835.81;0
37173;2022;6;1;0;10000;0
26550;2022;6;1;0;6475.66;0
46375;2022;6;12;0;11234.39;0
46442;2022;6;1;0;7327.73;0
42736;2022;6;2;0;5465.34;0
41979;2022;6;10;0;12278.32;0
43367;2022;6;1;0;33743.33;0
39431;2022;6;2;0;1291.41;0
38460;2022;6;2;0;24461.88;0
46407;2022;6;4;0;28775.42;0
115;2022;6;1;0;8205.94;0
40687;2022;6;2;0;24619.66;0
45096;2022;6;12;0;31068.54;0
38335;2022;6;1;0;3958.33;0
46788;2022;6;7;0;1005.02;0
37902;2022;6;1;0;2702.97;0
35936;2022;6;1;0;20019.14;0
33672;2022;6;2;0;11430.58;0
41679;2022;6;2;0;8401.97;0
38538;2022;6;12;1;48317.71;6354
39362;2022;6;2;0;5910.33;0
44168;2022;6;6;1;16193.33;2000
25953;2022;6;1;0;3785.76;0
46521;2022;6;1;0;3928.57;0
37807;2022;6;1;0;4791.78;0
37364;2022;6;2;0;8894.76;0
1;2022;6;1;0;3932.32;0
24429;2022;6;5;0;16689.6;0
27679;2022;6;2;0;2492.42;0
42830;2022;6;1;0;5825.96;0
43660;2022;6;10;0;88959.79;0
30999;2022;6;2;0;6303.09;0
40767;2022;6;1;0;1916.66;0
37279;2022;6;5;0;10920.77;0
41649;2022;6;2;0;5000;0
46842;2022;6;1;0;4574.18;0
36472;2022;6;1;0;4002.72;0
40254;2022;6;1;0;2850;0
55560;2022;6;2;0;3681.89;0
37666;2022;6;2;0;23666.67;0
43405;2022;6;1;0;4750;0
24230;2022;6;5;0;22179.47;0
42022;2022;6;19;0;119811.04;0
42460;2022;6;5;0;18113.6;0
38210;2022;6;1;0;11800;0
44850;2022;6;1;0;2536.09;0
47181;2022;6;7;0;18250.21;0
45453;2022;6;1;0;0;0
47686;2022;6;1;1;0;0
25716;2022;6;2;0;2251.94;0
46661;2022;6;3;0;28758.71;0
46624;2022;6;4;0;21997.61;0
46615;2022;6;1;0;0;0
35308;2022;6;1;0;5871.09;0
39902;2022;6;15;0;80897.98;0
47742;2022;6;2;0;0;0
42438;2022;6;2;0;1030.78;0
46789;2022;6;2;0;0;0
38114;2022;6;7;0;19662.57;0
37592;2022;6;2;0;31900;0
36217;2022;6;2;0;1766.29;0
46783;2022;6;1;0;9255.62;0
34268;2022;6;3;0;6200;0
47315;2022;6;5;0;25051.53;0
45493;2022;6;2;0;16481.18;0
29066;2022;6;1;0;5400;0
47182;2022;6;1;0;749.99;0
46550;2022;6;1;0;5070;0
88882;2022;6;10;0;37620.9;0
46031;2022;6;2;0;18333.34;0
46375;2022;6;1;0;834.37;0
41200;2022;6;1;0;500;0
37254;2022;6;1;1;2514.52;0
47152;2022;6;1;0;932.39;0
46789;2022;6;1;0;698.27;0
36560;2022;6;1;0;857.14;0
32424;2022;6;1;0;388.89;0
47315;2022;6;1;6;4854;4854
55560;2022;5;2;0;3681.89;0
88882;2022;5;12;0;60440.89;0
33240;2022;5;4;0;25428.2;0
29066;2022;5;1;0;5400;0
42508;2022;5;1;0;5000;0
47177;2022;5;1;0;2000;0
37364;2022;5;2;0;8894.76;0
42851;2022;5;2;0;10692.74;0
46789;2022;5;1;0;1396.55;0
23095;2022;5;13;0;61656.21;0
33672;2022;5;2;0;11430.58;0
47182;2022;5;1;0;749.99;0
40687;2022;5;2;0;23968.82;0
43367;2022;5;1;0;33743.33;0
40531;2022;5;1;0;3719.73;0
35130;2022;5;1;0;3916.66;0
38600;2022;5;1;0;4696.16;0
38210;2022;5;1;0;4966.67;0
14438;2022;5;1;0;761.91;0
46427;2022;5;1;0;4166.67;0
99999;2022;5;1;0;0;0
38787;2022;5;10;0;24408.71;0
46783;2022;5;1;1;8286.71;8286.71
44271;2022;5;7;2;32299.79;3354.45
38114;2022;5;6;0;19728.59;0
115;2022;5;1;0;8205.94;0
25716;2022;5;1;0;2251.94;0
36051;2022;5;1;0;3216.57;0
26550;2022;5;1;0;6475.66;0
24429;2022;5;4;0;16854.88;0
46624;2022;5;2;0;22443.69;0
43404;2022;5;1;0;3791.65;0
41941;2022;5;12;0;85484.76;0
44167;2022;5;2;0;8120.83;0
40767;2022;5;1;0;1916.66;0
45493;2022;5;2;0;16481.18;0
46773;2022;5;1;0;2850;0
41679;2022;5;2;0;8401.97;0
99954;2022;5;4;0;36312.25;0
46661;2022;5;3;0;25413.11;0
44850;2022;5;1;0;2119.72;0
25953;2022;5;1;0;3785.76;0
42880;2022;5;3;0;17987.49;0
33812;2022;5;1;0;4518.37;0
39902;2022;5;14;0;98670.81;0
46375;2022;5;11;0;12831.09;0
44863;2022;5;1;0;1225;0
47181;2022;5;4;1;17575.21;1575
46521;2022;5;1;0;3928.57;0
36472;2022;5;1;0;4002.72;0
46031;2022;5;2;0;19083.34;0
45745;2022;5;1;0;10833.33;0
41339;2022;5;2;0;320.53;0
38335;2022;5;1;0;3958.33;0
99920;2022;5;1;1;1051.95;0
36217;2022;5;1;0;1766.29;0
35308;2022;5;1;0;10333.43;0
46407;2022;5;4;0;36097.61;0
24230;2022;5;5;0;21779.47;0
38538;2022;5;14;0;73646.36;0
34268;2022;5;2;0;6200;0
42438;2022;5;2;0;1030.78;0
42830;2022;5;1;0;5825.96;0
99975;2022;5;3;0;18795.81;0
99968;2022;5;1;0;292.09;0
37592;2022;5;2;0;31900;0
37666;2022;5;2;0;23666.67;0
43405;2022;5;1;0;4750;0
46788;2022;5;4;0;996.45;0
42063;2022;5;1;0;18070.68;0
25861;2022;5;3;0;6120.66;0
1;2022;5;1;0;3932.32;0
32179;2022;5;3;0;21550;0
30999;2022;5;2;0;6303.09;0
46842;2022;5;1;0;4356.2;0
36102;2022;5;2;0;18333.33;0
37279;2022;5;5;0;12765.71;0
46550;2022;5;1;0;5070;0
41701;2022;5;2;0;4080.35;0
27679;2022;5;2;0;2492.42;0
40254;2022;5;1;0;2850;0
43660;2022;5;10;0;88959.79;0
6716;2022;5;1;0;1724.14;0
47515;2022;5;1;0;1023.93;0
36909;2022;5;1;0;3535.1;0
40443;2022;5;6;0;38688.97;0
27415;2022;5;1;0;2226.15;0
44305;2022;5;1;0;5000;0
36560;2022;5;3;0;9255;0
42022;2022;5;19;1;117667.77;6250
44075;2022;5;1;0;5586.35;0
38706;2022;5;5;0;19336.82;0
37462;2022;5;3;0;4364.57;0
41200;2022;5;5;0;9348.71;0
34315;2022;5;1;0;14520;0
46611;2022;5;1;0;0;0
42460;2022;5;4;1;18113.6;5000
41979;2022;5;9;0;13552.14;0
28644;2022;5;6;0;25464.15;0
42736;2022;5;2;1;5465.34;2500
3721;2022;5;4;0;36312.25;0
45998;2022;5;2;1;4756.83;2823.33
21515;2022;5;1;0;3100;0
30886;2022;5;3;0;10835.81;0
37157;2022;5;2;0;17228.81;0
45096;2022;5;11;0;31108.34;0
99995;2022;5;3;0;25875.11;0
38406;2022;5;1;0;4215.31;0
45104;2022;5;3;0;37500;0
47152;2022;5;6;0;7097.02;0
47074;2022;5;1;1;16300.44;16300.44
41649;2022;5;1;0;5000;0
37902;2022;5;1;0;2702.97;0
39144;2022;5;2;0;3170.83;0
37173;2022;5;1;0;10000;0
32424;2022;5;6;0;15016.96;0
39120;2022;5;3;0;6517.12;0
38460;2022;5;2;0;24461.88;0
44168;2022;5;5;0;14283.33;0
37254;2022;5;36;2;200865.96;9035.22
31584;2022;5;2;0;4971.43;0
35936;2022;5;1;0;9244.72;0
41962;2022;5;1;0;708.33;0
23868;2022;5;2;0;3801.67;0
47176;2022;5;7;0;19638.93;0
39362;2022;5;2;0;9497.81;0
46615;2022;5;1;0;0;0
45744;2022;5;2;0;9977.54;0
39431;2022;5;1;0;1291.41;0
43308;2022;5;4;0;15833.33;0
37807;2022;5;1;0;4791.78;0
45775;2022;5;4;1;6230.58;1350
46442;2022;5;1;1;7327.73;7327.73
43149;2022;5;1;0;1000;0
46022;2022;5;4;0;42040.28;0
39341;2022;5;4;0;21244.31;0
44721;2022;5;1;0;5000;0
42335;2022;5;2;0;9497.81;0
47686;2022;5;1;0;0;0
37279;2022;5;1;0;2275.59;0
46375;2022;5;1;0;460.96;0
41701;2022;5;1;0;1571.43;0
44830;2022;5;1;0;1600;0
46375;2022;5;1;0;308.89;0
45998;2022;5;1;0;2812.85;0
37279;2022;5;1;0;0;0
44075;2022;4;1;0;5586.35;0
38335;2022;4;1;0;3958.33;0
39902;2022;4;14;0;89716.41;0
99999;2022;4;1;0;0;0
35936;2022;4;1;0;9244.72;0
35308;2022;4;1;0;5676.12;0
37592;2022;4;2;0;31900;0
6716;2022;4;1;0;1724.14;0
36102;2022;4;2;0;18333.33;0
44168;2022;4;5;0;14553.33;0
42063;2022;4;1;0;5380;0
41941;2022;4;12;1;82744.97;4896
39362;2022;4;2;0;9497.81;0
47176;2022;4;7;0;19964.18;0
46550;2022;4;1;0;5070;0
21515;2022;4;1;0;7450;0
38210;2022;4;1;0;5185.79;0
46789;2022;4;1;0;1396.55;0
46375;2022;4;12;1;13780.99;605.68
38406;2022;4;1;0;4215.31;0
43405;2022;4;1;0;4750;0
46521;2022;4;1;0;3928.57;0
38787;2022;4;10;0;24231.68;0
35130;2022;4;1;0;3916.66;0
47182;2022;4;1;0;750;0
46407;2022;4;4;0;38583.33;0
41679;2022;4;2;0;8401.97;0
33240;2022;4;4;0;25409.28;0
29066;2022;4;1;0;5400;0
41979;2022;4;9;1;13679.32;1449.42
99975;2022;4;3;0;18682.05;0
27415;2022;4;1;0;2226.15;0
37807;2022;4;1;0;4791.78;0
37364;2022;4;2;0;8894.76;0
37462;2022;4;3;0;4364.57;0
14438;2022;4;1;0;761.91;0
45998;2022;4;2;1;5574.1;1611.25
33672;2022;4;2;0;30041.58;0
30999;2022;4;2;0;11073.58;0
30886;2022;4;3;0;10835.81;0
42736;2022;4;1;0;2965.34;0
46842;2022;4;1;1;4432.87;4432.87
46427;2022;4;1;0;4166.67;0
31584;2022;4;2;0;4971.43;0
45744;2022;4;2;0;11996.76;0
44850;2022;4;1;0;2345.03;0
46788;2022;4;4;0;1002.29;0
41339;2022;4;2;0;320.35;0
49004;2022;4;1;0;1295.03;0
46773;2022;4;1;0;2850;0
36560;2022;4;3;0;9200.52;0
32179;2022;4;3;0;21550;0
37173;2022;4;1;0;10000;0
45104;2022;4;3;0;37500;0
43367;2022;4;1;0;33743.33;0
38706;2022;4;5;1;16443.43;2100
38460;2022;4;2;0;24461.88;0
42880;2022;4;3;0;30704.7;0
43308;2022;4;4;0;15833.33;0
39431;2022;4;1;0;1291.41;0
32424;2022;4;6;0;14978.52;0
37666;2022;4;2;0;23666.67;0
45096;2022;4;11;0;31068.76;0
40687;2022;4;2;0;52587.61;0
37254;2022;4;34;1;191935.37;3610.33
24230;2022;4;5;0;21779.47;0
115;2022;4;1;0;8205.94;0
25861;2022;4;3;1;2629.88;192.31
41200;2022;4;5;0;8949.19;0
99920;2022;4;1;0;1750;0
44830;2022;4;1;0;3342.7;0
37902;2022;4;1;0;2702.97;0
42438;2022;4;2;0;1030.78;0
40254;2022;4;1;0;2850;0
43149;2022;4;1;0;1000;0
44863;2022;4;1;0;1225;0
40767;2022;4;1;0;1903.88;0
44167;2022;4;2;0;8120.83;0
47152;2022;4;6;0;7356.57;0
38538;2022;4;14;2;61741.36;7062.78
36472;2022;4;1;0;4002.72;0
3721;2022;4;4;0;36312.25;0
45775;2022;4;3;0;4880.58;0
28644;2022;4;6;0;25464.15;0
88882;2022;4;12;1;52917.87;1940
37279;2022;4;6;0;13407.46;0
1;2022;4;1;0;3932.32;0
36909;2022;4;1;1;3535.1;0
46031;2022;4;2;0;18333.34;0
99968;2022;4;1;3;1604.8;1604.8
44721;2022;4;1;0;5000;0
42830;2022;4;1;0;5825.96;0
45745;2022;4;1;1;10833.33;10833.33
46624;2022;4;2;0;21794.32;0
23095;2022;4;13;0;61656.21;0
26550;2022;4;1;0;6475.66;0
36051;2022;4;1;0;27436.86;0
42460;2022;4;3;0;13113.6;0
47515;2022;4;1;4;889.56;889.56
46022;2022;4;4;0;42040.28;0
43404;2022;4;1;0;1797.51;0
24429;2022;4;4;0;16093.04;0
39341;2022;4;4;0;20824.31;0
38600;2022;4;1;0;4696.16;0
47686;2022;4;1;0;0;0
39120;2022;4;3;0;6517.12;0
44305;2022;4;1;0;5429.64;0
25716;2022;4;1;0;2251.94;0
46615;2022;4;1;2;0;0
41962;2022;4;1;0;708.33;0
42508;2022;4;1;0;5000;0
99954;2022;4;4;0;36312.25;0
42335;2022;4;2;0;9497.81;0
43660;2022;4;10;1;89179.79;4580
37157;2022;4;2;0;17028.81;0
55560;2022;4;2;0;3681.89;0
41701;2022;4;3;0;6374.99;0
34268;2022;4;2;0;6200;0
45493;2022;4;2;0;16481.18;0
42851;2022;4;2;0;10692.74;0
27679;2022;4;2;0;2492.42;0
38114;2022;4;6;0;20185.11;0
47181;2022;4;3;0;16000.21;0
44271;2022;4;6;0;30945.34;0
33812;2022;4;1;0;4518.37;0
47177;2022;4;1;0;2000;0
41649;2022;4;1;0;5000;0
40443;2022;4;6;0;27931.59;0
23868;2022;4;2;0;3551.67;0
46661;2022;4;3;0;84145.25;0
34315;2022;4;1;0;14520;0
42022;2022;4;18;1;111417.77;3333.33
39144;2022;4;2;0;3170.83;0
25953;2022;4;1;0;3785.76;0
99995;2022;4;3;0;48779.66;0
36217;2022;4;1;0;1766.29;0
40531;2022;4;1;0;3719.73;0
44271;2022;4;1;1;440;0
39341;2022;4;1;0;350;0
45775;2022;4;1;0;253.29;0
88882;2022;4;1;1;507.89;0
38538;2022;4;1;2;507.89;0
46022;2022;3;4;0;42000.28;0
33240;2022;3;4;0;26299.61;0
38114;2022;3;7;0;19336.16;0
46773;2022;3;2;1;285;285
37807;2022;3;1;0;4652.19;0
30886;2022;3;7;0;10835.81;0
35308;2022;3;1;0;5676.12;0
37592;2022;3;2;0;63906;0
44075;2022;3;1;0;5586.35;0
43404;2022;3;1;0;5341.88;0
46521;2022;3;1;0;3928.57;0
46550;2022;3;1;0;5070;0
42880;2022;3;3;0;17987.49;0
36051;2022;3;1;0;22003.06;0
34268;2022;3;3;0;6200;0
42438;2022;3;4;0;1030.78;0
40767;2022;3;5;0;1811.24;0
44271;2022;3;9;0;28212;0
39902;2022;3;15;0;84041.61;0
42063;2022;3;2;0;5380;0
46031;2022;3;2;0;18333.34;0
40443;2022;3;6;0;25121.85;0
37279;2022;3;6;0;11478.27;0
46407;2022;3;4;0;38583.33;0
46615;2022;3;1;0;0;0
35130;2022;3;1;0;3916.66;0
55560;2022;3;2;0;3681.89;0
42022;2022;3;17;1;111319.76;4872.31
99920;2022;3;1;0;1250;0
42851;2022;3;3;0;10692.74;0
44164;2022;3;2;0;22654.26;0
37701;2022;3;3;0;18024.39;0
31584;2022;3;4;0;4971.43;0
46661;2022;3;3;0;24769.14;0
44850;2022;3;1;0;2164.87;0
38335;2022;3;1;0;3958.33;0
45104;2022;3;4;0;37500;0
33812;2022;3;4;0;13185.37;0
46789;2022;3;4;0;1396.55;0
47177;2022;3;1;0;2000;0
37666;2022;3;2;0;23666.67;0
38406;2022;3;2;0;4214.36;0
44830;2022;3;1;0;3332.7;0
45998;2022;3;1;0;7462.85;0
14438;2022;3;1;0;761.91;0
47181;2022;3;3;0;16000.21;0
41941;2022;3;11;0;112898.63;0
41200;2022;3;6;1;7317.69;128.5
27415;2022;3;2;0;2226.15;0
36217;2022;3;4;0;1766.29;0
42508;2022;3;3;0;5000;0
49004;2022;3;1;0;1349;0
37364;2022;3;2;0;8894.76;0
42335;2022;3;2;0;9497.81;0
40687;2022;3;2;0;24739.1;0
38460;2022;3;2;0;24578.41;0
44168;2022;3;5;0;29051.19;0
41649;2022;3;3;0;5000;0
38600;2022;3;1;0;12755.16;0
44721;2022;3;1;0;5000;0
46624;2022;3;3;0;92976.22;0
23868;2022;3;2;0;3551.67;0
37462;2022;3;3;0;4364.57;0
23095;2022;3;13;0;61656.21;0
27679;2022;3;2;0;2492.42;0
45493;2022;3;2;0;16481.18;0
3721;2022;3;4;0;36146.47;0
88882;2022;3;14;0;60459.43;0
99995;2022;3;3;0;25231.14;0
44305;2022;3;1;0;5000;0
32179;2022;3;3;0;40441.76;0
39144;2022;3;3;0;3170.83;0
34315;2022;3;1;0;14520;0
39341;2022;3;5;0;21252.31;0
42460;2022;3;8;0;13113.6;0
41979;2022;3;9;0;17026.93;0
40531;2022;3;1;0;3719.73;0
42736;2022;3;1;0;2965.34;0
46788;2022;3;7;0;992.04;0
43660;2022;3;9;0;83639.79;0
37157;2022;3;2;0;17028.81;0
32424;2022;3;2;1;1666.67;1666.67
26550;2022;3;1;0;6475.66;0
25953;2022;3;1;0;3785.76;0
21515;2022;3;1;0;3100;0
37254;2022;3;33;0;193230.56;0
36909;2022;3;1;1;3535.1;0
47152;2022;3;6;0;6012.63;0
6716;2022;3;1;0;1724.14;0
45744;2022;3;2;0;11797.99;0
36560;2022;3;3;0;9156.64;0
45096;2022;3;11;0;31191.67;0
41962;2022;3;2;0;684.72;0
45775;2022;3;4;0;5386.3;0
41339;2022;3;2;0;320.53;0
43308;2022;3;4;0;15833.33;0
39120;2022;3;6;0;6516.88;0
1;2022;3;1;0;3932.32;0
40254;2022;3;1;0;2850;0
29066;2022;3;1;0;7228.5;0
47185;2022;3;1;0;1500;0
38538;2022;3;14;0;59381.95;0
99999;2022;3;1;0;0;0
24429;2022;3;4;0;16273.34;0
44863;2022;3;1;0;1225;0
28644;2022;3;6;0;26464.15;0
47742;2022;3;4;2;0;0
115;2022;3;1;1;7966.1;0
25861;2022;3;1;0;1997.57;0
38706;2022;3;4;1;12488.86;1374.99
25716;2022;3;1;0;2251.94;0
43149;2022;3;1;0;1000;0
39431;2022;3;2;0;1291.41;0
99975;2022;3;3;0;18421.56;0
47176;2022;3;7;0;18169.23;0
39362;2022;3;2;0;9497.81;0
37173;2022;3;1;0;10000;0
47182;2022;3;1;0;750;0
99954;2022;3;4;0;36146.47;0
35936;2022;3;2;0;9244.72;0
24230;2022;3;5;0;50194.91;0
43405;2022;3;2;0;4750;0
41701;2022;3;3;0;6037.49;0
46375;2022;3;13;0;11710.2;0
37902;2022;3;1;0;2702.97;0
46427;2022;3;1;0;4166.67;0
43367;2022;3;1;0;174241.67;0
30999;2022;3;2;0;6128.04;0
38210;2022;3;1;0;4966.67;0
41679;2022;3;2;0;8401.97;0
38787;2022;3;10;0;24231.68;0
36102;2022;3;7;0;18333.33;0
44167;2022;3;3;0;8120.83;0
47686;2022;3;1;0;0;0
37254;2022;3;1;3;0;0
47152;2022;3;1;1;1730.74;0
41979;2022;3;1;0;16315.56;0
46375;2022;3;1;0;440.63;0
41200;2022;3;1;0;375;0
99954;2022;3;1;0;87562;0
3721;2022;3;1;0;90562;0
47152;2022;3;1;0;1151.36;0
38538;2022;3;1;0;1981;0
47152;2022;3;1;0;392.7;0
88882;2022;3;1;0;1981;0
47185;2022;3;1;0;700;0
45775;2022;3;1;0;657.68;0
46106;2022;3;1;0;1657.69;0
38787;2022;3;1;0;958.33;0
43660;2022;3;1;0;888.89;0
38538;2022;3;1;0;286.1;0
88882;2022;3;1;0;286.1;0
41979;2022;3;1;0;138.41;0
29066;2022;2;1;0;5452;0
38538;2022;2;15;0;63464.85;0
55560;2022;2;2;0;3681.89;0
46521;2022;2;1;0;3928.57;0
42438;2022;2;2;0;1030.78;0
40687;2022;2;2;0;23374.65;0
36472;2022;2;1;0;4002.72;0
24230;2022;2;5;0;20718;0
30886;2022;2;3;0;10835.81;0
39431;2022;2;1;0;1291.41;0
99975;2022;2;3;0;18352.26;0
46407;2022;2;4;1;67917.59;22333.33
23868;2022;2;2;0;3651.67;0
31584;2022;2;2;0;4971.43;0
38787;2022;2;11;1;24638.13;1538.1
46789;2022;2;1;0;1393.61;0
40767;2022;2;1;0;1916.66;0
47185;2022;2;1;0;1500;0
44271;2022;2;6;1;28022;410
47176;2022;2;7;0;16975.3;0
47182;2022;2;1;0;750;0
44863;2022;2;1;0;1225;0
37462;2022;2;3;0;4364.57;0
26550;2022;2;1;0;6475.66;0
38210;2022;2;1;0;4966.67;0
37902;2022;2;1;0;2702.97;0
46427;2022;2;1;0;4166.67;0
46022;2022;2;4;0;110131.96;0
44544;2022;2;1;1;1050.42;1050.42
32179;2022;2;3;0;20987.24;0
42063;2022;2;1;0;5546.67;0
37364;2022;2;2;0;8894.76;0
43404;2022;2;1;0;8956.15;0
6716;2022;2;1;0;1724.14;0
46375;2022;2;12;0;13391.61;0
33235;2022;2;2;0;286.1;0
36051;2022;2;1;0;7975.5;0
99999;2022;2;1;0;0;0
42851;2022;2;2;0;10692.74;0
38114;2022;2;6;0;19748.91;0
40531;2022;2;1;0;3719.73;0
45104;2022;2;3;0;37500;0
36217;2022;2;1;0;1766.29;0
33672;2022;2;2;0;11150.58;0
27679;2022;2;2;0;2492.42;0
21515;2022;2;1;0;3100;0
34268;2022;2;2;0;6200;0
38335;2022;2;1;0;3958.33;0
33812;2022;2;1;0;4518.37;0
33240;2022;2;4;0;24504.16;0
47177;2022;2;1;0;2000;0
46106;2022;2;2;0;6651.73;0
41701;2022;2;3;0;7285.98;0
41941;2022;2;11;0;61115.13;0
37592;2022;2;2;0;53010.83;0
44850;2022;2;1;0;2450.67;0
32424;2022;2;5;0;13341.74;0
25861;2022;2;1;0;1997.57;0
39902;2022;2;15;0;88679.18;0
44164;2022;2;2;0;42226.58;0
45493;2022;2;2;0;16481.18;0
35464;2022;2;1;0;1311.21;0
46550;2022;2;1;0;5070;0
25716;2022;2;1;0;2251.94;0
37254;2022;2;30;1;171985.19;3860
38406;2022;2;1;0;4214.36;0
42022;2022;2;16;4;129838.79;24699.98
35308;2022;2;1;0;10280.12;0
41200;2022;2;5;0;10063.12;0
28644;2022;2;6;0;26452.24;0
37701;2022;2;3;0;18024.39;0
24429;2022;2;4;0;16093.04;0
39144;2022;2;2;0;3170.83;0
38706;2022;2;3;1;9459.16;2200
25953;2022;2;1;0;3785.76;0
40254;2022;2;1;0;2850;0
42335;2022;2;2;0;9438.35;0
35130;2022;2;1;0;3916.66;0
41979;2022;2;11;0;22415.17;0
46788;2022;2;4;0;1002.45;0
49004;2022;2;1;0;1095.43;0
41339;2022;2;2;0;320.35;0
44721;2022;2;1;0;5000;0
37666;2022;2;2;0;23666.67;0
34315;2022;2;1;0;14520;0
14438;2022;2;1;0;761.91;0
40443;2022;2;6;0;25359.77;0
42830;2022;2;1;0;5825.96;0
99995;2022;2;3;3;27593.05;27593.05
27415;2022;2;2;0;2226.15;0
43660;2022;2;10;0;90386.46;0
37279;2022;2;6;0;11572.08;0
88882;2022;2;15;0;63615.24;0
36909;2022;2;1;2;3535.1;0
44830;2022;2;1;0;3060;0
99920;2022;2;1;0;1500;0
41649;2022;2;1;0;5000;0
42880;2022;2;3;0;17987.49;0
43367;2022;2;1;0;30041.67;0
46624;2022;2;2;2;25809.61;25809.61
37157;2022;2;2;1;57028.81;40357.14
36560;2022;2;3;0;9051.54;0
1;2022;2;1;0;3932.32;0
3721;2022;2;5;0;46627.42;0
38460;2022;2;2;0;24391.04;0
44167;2022;2;2;0;8120.83;0
47152;2022;2;8;0;9716.67;0
42460;2022;2;3;0;13407.54;0
35936;2022;2;1;0;9056.17;0
41962;2022;2;1;0;0;0
45775;2022;2;4;0;5767.78;0
39120;2022;2;3;0;7064.82;0
42736;2022;2;1;0;2965.34;0
99954;2022;2;5;0;46627.42;0
45096;2022;2;11;1;28819.45;500
44168;2022;2;5;0;13833.33;0
37173;2022;2;1;0;10000;0
38600;2022;2;1;0;4696.16;0
41679;2022;2;2;0;8401.97;0
39362;2022;2;2;0;9438.35;0
115;2022;2;1;0;16080.1;0
47181;2022;2;3;0;16000.21;0
42508;2022;2;1;0;5000;0
37807;2022;2;1;0;4652.19;0
30999;2022;2;2;0;6128.04;0
36102;2022;2;2;0;18333.33;0
39341;2022;2;4;0;152031.63;0
45998;2022;2;1;0;3962.85;0
23095;2022;2;13;0;61656.21;0
44075;2022;2;1;0;5586.35;0
46661;2022;2;3;3;26344.08;26344.08
46031;2022;2;2;0;18333.34;0
44305;2022;2;1;0;5000;0
46615;2022;2;1;1;0;0
43149;2022;2;1;0;1000;0
43405;2022;2;1;0;4750;0
43308;2022;2;4;0;18500.01;0
45744;2022;2;2;0;11501.14;0
47686;2022;2;1;1;715.32;715.32
41941;2022;2;1;0;5773.46;0
46407;2022;2;1;1;0;0
45096;2022;2;1;0;1250;0
44168;2022;2;1;0;855.56;0
46375;2022;2;1;0;200.13;0
39431;2022;2;1;0;87.73;0
55560;2022;1;2;0;3681.89;0
43404;2022;1;1;0;5276.12;0
39902;2022;1;15;0;90018.59;0
37701;2022;1;3;0;18024.39;0
99999;2022;1;1;0;0;0
38406;2022;1;1;0;4214.36;0
37364;2022;1;2;0;8911.55;0
42851;2022;1;2;2;36692.74;36692.74
47686;2022;1;1;5;0;0
33235;2022;1;2;0;418.68;0
35308;2022;1;1;0;5676.12;0
35130;2022;1;1;0;3916.66;0
43660;2022;1;10;0;208951.13;0
37279;2022;1;6;0;13568.01;0
36051;2022;1;1;0;2012.08;0
38335;2022;1;1;0;3958.33;0
37157;2022;1;1;0;6671.67;0
44167;2022;1;2;1;6745.83;3258.33
44164;2022;1;2;0;18461.38;0
45104;2022;1;3;0;19500;0
45096;2022;1;11;1;30300.01;1400
47182;2022;1;1;1;750;750
46788;2022;1;4;0;1011.27;0
23095;2022;1;13;0;61656.21;0
40687;2022;1;2;0;42041.99;0
3721;2022;1;7;0;59265.76;0
42830;2022;1;1;0;5823.51;0
33240;2022;1;4;0;24505.63;0
27415;2022;1;1;0;2226.15;0
41339;2022;1;2;0;320.35;0
37666;2022;1;2;0;23666.67;0
46375;2022;1;12;0;14484.58;0
34268;2022;1;2;0;6200;0
45744;2022;1;2;2;12026.77;12026.77
99920;2022;1;1;2;1500;1500
42063;2022;1;1;0;5213.33;0
37592;2022;1;2;0;31900;0
36102;2022;1;2;0;18333.33;0
25716;2022;1;1;0;2251.94;0
24230;2022;1;5;0;20718;0
42022;2022;1;12;3;84030.78;19958.33
24429;2022;1;4;0;16047.97;0
42460;2022;1;3;0;12998.65;0
46427;2022;1;1;0;4166.67;0
21515;2022;1;1;0;3100;0
29066;2022;1;1;0;8171.5;0
36560;2022;1;3;0;9103.4;0
115;2022;1;1;0;7966.1;0
46550;2022;1;1;1;5070;5070
39362;2022;1;2;2;9438.35;9438.35
37173;2022;1;1;0;10000;0
44305;2022;1;1;0;5000;0
25861;2022;1;1;0;1962.57;0
35936;2022;1;1;0;9056.17;0
38600;2022;1;1;0;4696.16;0
99954;2022;1;7;0;59265.76;0
42438;2022;1;2;0;1030.78;0
47532;2022;1;1;5;1498.77;1498.77
37807;2022;1;1;0;4652.19;0
37902;2022;1;1;0;2702.97;0
88882;2022;1;14;0;60568.35;0
49004;2022;1;1;1;1518.9;0
44075;2022;1;1;0;5586.35;0
43149;2022;1;1;0;1000;0
43308;2022;1;4;1;24412.91;3344.44
46789;2022;1;1;0;1393.61;0
40254;2022;1;1;0;2850;0
38538;2022;1;15;1;63412.31;5553
47185;2022;1;1;1;1500;1500
33812;2022;1;1;0;4518.37;0
42880;2022;1;3;0;67987.49;0
43367;2022;1;1;0;30041.67;0
47152;2022;1;8;0;8998.96;0
47673;2022;1;1;6;1277.96;1277.96
37462;2022;1;3;0;4364.57;0
25953;2022;1;1;0;3785.76;0
36909;2022;1;1;0;3535.1;0
23868;2022;1;2;0;3451.67;0
10;2022;1;1;0;1500;0
41679;2022;1;2;0;8401.97;0
44830;2022;1;1;0;3000;0
41941;2022;1;12;0;65824.38;0
27679;2022;1;2;0;2492.42;0
38787;2022;1;10;1;22604.61;1900
42508;2022;1;1;0;5000;0
47677;2022;1;2;5;2877.21;2877.21
99975;2022;1;3;3;18079.11;18079.11
47177;2022;1;1;1;2000;2000
39431;2022;1;2;1;1628.15;301.32
32424;2022;1;5;0;12742.03;0
43405;2022;1;1;0;4750;0
28644;2022;1;6;0;24535.59;0
46031;2022;1;2;0;18333.34;0
39144;2022;1;2;0;3170.83;0
1;2022;1;1;1;3932.32;3932.32
44271;2022;1;5;1;26145.33;533.33
44863;2022;1;1;0;1225;0
46521;2022;1;1;1;2880.95;2880.95
46615;2022;1;1;6;0;0
30999;2022;1;2;0;7568.04;0
45998;2022;1;1;0;3962.85;0
38460;2022;1;2;0;399391.04;0
38114;2022;1;6;0;18150.17;0
14438;2022;1;1;0;761.91;0
38210;2022;1;1;0;4966.67;0
30886;2022;1;3;0;10835.81;0
26550;2022;1;1;0;6475.66;0
38706;2022;1;2;0;5466.67;0
40767;2022;1;1;0;1916.66;0
42736;2022;1;1;0;2965.34;0
33672;2022;1;2;0;11150.58;0
46407;2022;1;3;0;47194.44;0
36472;2022;1;1;0;4002.72;0
37254;2022;1;29;1;159395.68;3994.93
36217;2022;1;1;0;1766.29;0
31584;2022;1;2;0;4971.43;0
32179;2022;1;3;0;20987.24;0
41200;2022;1;4;1;8712.6;3000
46106;2022;1;2;0;4716.42;0
39341;2022;1;4;0;20310.98;0
44850;2022;1;1;0;2016.5;0
45453;2022;1;1;1;0;0
40531;2022;1;1;0;3719.73;0
35464;2022;1;1;0;1311.21;0
42335;2022;1;2;2;9438.35;9438.35
41962;2022;1;1;0;897.22;0
41649;2022;1;1;0;5000;0
44168;2022;1;6;0;16166.66;0
34315;2022;1;1;0;27418.91;0
41979;2022;1;11;1;22902.43;1432.6
46022;2022;1;4;0;42060.28;0
47176;2022;1;13;1;17956.93;450
45493;2022;1;2;0;16481.18;0
44721;2022;1;1;0;5000;0
41701;2022;1;3;0;6642.84;0
40443;2022;1;6;2;22422.47;4558.33
47181;2022;1;3;4;16000.21;16000.21
45775;2022;1;4;0;5767.78;0
39120;2022;1;3;0;5721.56;0
6716;2022;1;1;0;1724.14;0
46375;2022;1;1;1;400.86;400.86
45104;2022;1;1;0;78000;0
42736;2022;1;1;0;1511.11;0
44391;2022;1;8;0;6088.54;0
43660;2022;1;1;1;2527.78;0
47176;2022;1;1;0;420;0
47152;2022;1;1;9;572;572
46375;2022;1;1;0;309;0
47176;2022;1;1;8;180;180
43772;2022;1;1;0;847.74;0
41941;2022;1;1;0;548.2;0
